EVTYPE,n_rows,fatalities,injuries,propdmg_bn,CORRECTION,EVTYPE_GROUPED,EVTYPE_CORRECTED
   HIGH SURF ADVISORY,1,0,0,0.000,,z. ALL OTHERS,   HIGH SURF ADVISORY
 COASTAL FLOOD,1,0,0,0.000,,z. ALL OTHERS, COASTAL FLOOD
 FLASH FLOOD,1,0,0,0.000,,z. ALL OTHERS, FLASH FLOOD
 LIGHTNING,1,0,0,0.000,,z. ALL OTHERS, LIGHTNING
 TSTM WIND,4,0,0,0.008,THUNDERSTORM WIND,THUNDERSTORM WIND,THUNDERSTORM WIND
 TSTM WIND (G45),1,0,0,0.000,THUNDERSTORM WIND,THUNDERSTORM WIND,THUNDERSTORM WIND
 WATERSPOUT,1,0,0,0.000,,z. ALL OTHERS, WATERSPOUT
 WIND,1,0,0,0.000,,z. ALL OTHERS, WIND
?,1,0,0,0.000,,z. ALL OTHERS,?
ABNORMAL WARMTH,4,0,0,0.000,,z. ALL OTHERS,ABNORMAL WARMTH
ABNORMALLY DRY,2,0,0,0.000,,z. ALL OTHERS,ABNORMALLY DRY
ABNORMALLY WET,1,0,0,0.000,,z. ALL OTHERS,ABNORMALLY WET
ACCUMULATED SNOWFALL,4,0,0,0.000,,z. ALL OTHERS,ACCUMULATED SNOWFALL
AGRICULTURAL FREEZE,6,0,0,0.000,,z. ALL OTHERS,AGRICULTURAL FREEZE
APACHE COUNTY,1,0,0,0.000,,z. ALL OTHERS,APACHE COUNTY
ASTRONOMICAL HIGH TIDE,103,0,0,0.009,HIGH SURF,HIGH SURF,HIGH SURF
ASTRONOMICAL LOW TIDE,174,0,0,0.000,ASTRONOMICAL LOW TIDE,ASTRONOMICAL LOW TIDE,ASTRONOMICAL LOW TIDE
AVALANCE,1,1,0,0.000,AVALANCHE,AVALANCHE,AVALANCHE
AVALANCHE,386,224,170,0.004,AVALANCHE,AVALANCHE,AVALANCHE
BEACH EROSIN,1,0,0,0.000,HIGH SURF,HIGH SURF,HIGH SURF
BEACH EROSION,4,0,0,0.000,HIGH SURF,HIGH SURF,HIGH SURF
BEACH EROSION/COASTAL FLOOD,1,0,0,0.000,HIGH SURF,HIGH SURF,HIGH SURF
BEACH FLOOD,2,0,0,0.000,HIGH SURF,HIGH SURF,HIGH SURF
BELOW NORMAL PRECIPITATION,2,0,0,0.000,,z. ALL OTHERS,BELOW NORMAL PRECIPITATION
BITTER WIND CHILL,1,0,0,0.000,,z. ALL OTHERS,BITTER WIND CHILL
BITTER WIND CHILL TEMPERATURES,3,0,0,0.000,,z. ALL OTHERS,BITTER WIND CHILL TEMPERATURES
BLACK ICE,17,1,24,0.000,FROST/FREEZE,FROST/FREEZE,FROST/FREEZE
BLIZZARD,2719,101,805,0.659,BLIZZARD,BLIZZARD,BLIZZARD
BLIZZARD AND EXTREME WIND CHIL,2,0,0,0.000,BLIZZARD,BLIZZARD,BLIZZARD
BLIZZARD AND HEAVY SNOW,1,0,0,0.000,BLIZZARD,BLIZZARD,BLIZZARD
BLIZZARD SUMMARY,1,0,0,0.000,BLIZZARD,BLIZZARD,BLIZZARD
BLIZZARD WEATHER,1,0,0,0.000,BLIZZARD,BLIZZARD,BLIZZARD
BLIZZARD/FREEZING RAIN,1,0,0,0.000,BLIZZARD,BLIZZARD,BLIZZARD
BLIZZARD/HEAVY SNOW,2,0,0,0.000,BLIZZARD,BLIZZARD,BLIZZARD
BLIZZARD/HIGH WIND,1,0,0,0.000,BLIZZARD,BLIZZARD,BLIZZARD
BLIZZARD/WINTER STORM,1,0,0,0.001,BLIZZARD,BLIZZARD,BLIZZARD
BLOW-OUT TIDE,1,0,0,0.000,,z. ALL OTHERS,BLOW-OUT TIDE
BLOW-OUT TIDES,1,0,0,0.000,,z. ALL OTHERS,BLOW-OUT TIDES
BLOWING DUST,4,0,0,0.000,DUST STORM,DUST STORM,DUST STORM
BLOWING SNOW,17,2,14,0.000,HEAVY SNOW,HEAVY SNOW,HEAVY SNOW
BLOWING SNOW & EXTREME WIND CH,2,0,0,0.000,HEAVY SNOW,HEAVY SNOW,HEAVY SNOW
BLOWING SNOW- EXTREME WIND CHI,1,0,0,0.000,HEAVY SNOW,HEAVY SNOW,HEAVY SNOW
BLOWING SNOW/EXTREME WIND CHIL,1,0,0,0.000,HEAVY SNOW,HEAVY SNOW,HEAVY SNOW
BREAKUP FLOODING,1,0,0,0.000,,z. ALL OTHERS,BREAKUP FLOODING
BRUSH FIRE,3,0,2,0.000,WILDFIRE,WILDFIRE,WILDFIRE
BRUSH FIRES,1,0,0,0.000,WILDFIRE,WILDFIRE,WILDFIRE
COASTAL  FLOODING/EROSION,1,0,0,0.015,COASTAL FLOOD,COASTAL FLOOD,COASTAL FLOOD
COASTAL EROSION,1,0,0,0.001,COASTAL FLOOD,COASTAL FLOOD,COASTAL FLOOD
COASTAL FLOOD,656,3,2,0.260,COASTAL FLOOD,COASTAL FLOOD,COASTAL FLOOD
COASTAL FLOODING,183,3,0,0.133,COASTAL FLOOD,COASTAL FLOOD,COASTAL FLOOD
COASTAL FLOODING/EROSION,5,0,5,0.020,COASTAL FLOOD,COASTAL FLOOD,COASTAL FLOOD
COASTAL STORM,10,3,2,0.000,COASTAL FLOOD,COASTAL FLOOD,COASTAL FLOOD
COASTAL SURGE,2,0,0,0.001,COASTAL FLOOD,COASTAL FLOOD,COASTAL FLOOD
COASTAL/TIDAL FLOOD,2,0,0,0.000,COASTAL FLOOD,COASTAL FLOOD,COASTAL FLOOD
COASTALFLOOD,1,0,0,0.000,COASTAL FLOOD,COASTAL FLOOD,COASTAL FLOOD
COASTALSTORM,1,1,0,0.000,COASTAL FLOOD,COASTAL FLOOD,COASTAL FLOOD
COLD,82,38,48,0.001,COLD/WIND CHILL,COLD/WIND CHILL,COLD/WIND CHILL
COLD AIR FUNNEL,4,0,0,0.000,COLD/WIND CHILL,COLD/WIND CHILL,COLD/WIND CHILL
COLD AIR FUNNELS,2,0,0,0.000,COLD/WIND CHILL,COLD/WIND CHILL,COLD/WIND CHILL
COLD AIR TORNADO,1,0,0,0.000,COLD/WIND CHILL,COLD/WIND CHILL,COLD/WIND CHILL
COLD AND FROST,7,0,0,0.000,COLD/WIND CHILL,COLD/WIND CHILL,COLD/WIND CHILL
COLD AND SNOW,1,14,0,0.000,COLD/WIND CHILL,COLD/WIND CHILL,COLD/WIND CHILL
COLD AND WET CONDITIONS,1,0,0,0.000,COLD/WIND CHILL,COLD/WIND CHILL,COLD/WIND CHILL
COLD TEMPERATURE,2,2,0,0.000,COLD/WIND CHILL,COLD/WIND CHILL,COLD/WIND CHILL
COLD TEMPERATURES,4,0,0,0.000,COLD/WIND CHILL,COLD/WIND CHILL,COLD/WIND CHILL
COLD WAVE,3,3,0,0.000,COLD/WIND CHILL,COLD/WIND CHILL,COLD/WIND CHILL
COLD WEATHER,4,5,0,0.000,COLD/WIND CHILL,COLD/WIND CHILL,COLD/WIND CHILL
COLD WIND CHILL TEMPERATURES,6,0,0,0.000,COLD/WIND CHILL,COLD/WIND CHILL,COLD/WIND CHILL
COLD/WIND CHILL,539,95,12,0.002,COLD/WIND CHILL,COLD/WIND CHILL,COLD/WIND CHILL
COLD/WINDS,1,1,0,0.000,COLD/WIND CHILL,COLD/WIND CHILL,COLD/WIND CHILL
COOL AND WET,1,0,0,0.000,COLD/WIND CHILL,COLD/WIND CHILL,COLD/WIND CHILL
COOL SPELL,1,0,0,0.000,COLD/WIND CHILL,COLD/WIND CHILL,COLD/WIND CHILL
CSTL FLOODING/EROSION,2,0,0,0.000,COASTAL FLOOD,COASTAL FLOOD,COASTAL FLOOD
DAM BREAK,4,0,0,0.001,FLASH FLOOD,FLASH FLOOD,FLASH FLOOD
DAM FAILURE,1,0,0,0.000,FLASH FLOOD,FLASH FLOOD,FLASH FLOOD
DAMAGING FREEZE,8,0,0,0.008,COLD/WIND CHILL,COLD/WIND CHILL,COLD/WIND CHILL
DEEP HAIL,1,0,0,0.000,HAIL,HAIL,HAIL
DENSE FOG,1293,18,342,0.010,DENSE FOG,DENSE FOG,DENSE FOG
DENSE SMOKE,10,0,0,0.000,DENSE SMOKE,DENSE SMOKE,DENSE SMOKE
DOWNBURST,2,0,0,0.000,,z. ALL OTHERS,DOWNBURST
DOWNBURST WINDS,2,0,0,0.000,,z. ALL OTHERS,DOWNBURST WINDS
DRIEST MONTH,1,0,0,0.000,,z. ALL OTHERS,DRIEST MONTH
DRIFTING SNOW,1,0,0,0.000,,z. ALL OTHERS,DRIFTING SNOW
DROUGHT,2488,0,4,1.046,DROUGHT,DROUGHT,DROUGHT
DROUGHT/EXCESSIVE HEAT,13,2,0,0.000,EXCESSIVE HEAT,EXCESSIVE HEAT,EXCESSIVE HEAT
DROWNING,1,1,0,0.000,,z. ALL OTHERS,DROWNING
DRY,9,0,0,0.000,,z. ALL OTHERS,DRY
DRY CONDITIONS,6,0,0,0.000,,z. ALL OTHERS,DRY CONDITIONS
DRY HOT WEATHER,1,0,0,0.000,,z. ALL OTHERS,DRY HOT WEATHER
DRY MICROBURST,186,3,28,0.007,THUNDERSTORM WIND,THUNDERSTORM WIND,THUNDERSTORM WIND
DRY MICROBURST 50,1,0,0,0.000,THUNDERSTORM WIND,THUNDERSTORM WIND,THUNDERSTORM WIND
DRY MICROBURST 53,1,0,0,0.000,THUNDERSTORM WIND,THUNDERSTORM WIND,THUNDERSTORM WIND
DRY MICROBURST 58,2,0,0,0.000,THUNDERSTORM WIND,THUNDERSTORM WIND,THUNDERSTORM WIND
DRY MICROBURST 61,1,0,0,0.000,THUNDERSTORM WIND,THUNDERSTORM WIND,THUNDERSTORM WIND
DRY MICROBURST 84,1,0,0,0.000,THUNDERSTORM WIND,THUNDERSTORM WIND,THUNDERSTORM WIND
DRY MICROBURST WINDS,5,0,0,0.000,THUNDERSTORM WIND,THUNDERSTORM WIND,THUNDERSTORM WIND
DRY MIRCOBURST WINDS,1,0,1,0.000,THUNDERSTORM WIND,THUNDERSTORM WIND,THUNDERSTORM WIND
DRY PATTERN,1,0,0,0.000,,z. ALL OTHERS,DRY PATTERN
DRY SPELL,4,0,0,0.000,,z. ALL OTHERS,DRY SPELL
DRY WEATHER,4,0,0,0.000,,z. ALL OTHERS,DRY WEATHER
DRYNESS,1,0,0,0.000,,z. ALL OTHERS,DRYNESS
DUST DEVEL,1,0,0,0.000,,z. ALL OTHERS,DUST DEVEL
DUST DEVIL,149,2,43,0.001,DUST DEVIL,DUST DEVIL,DUST DEVIL
DUST DEVIL WATERSPOUT,1,0,0,0.000,DUST DEVIL,DUST DEVIL,DUST DEVIL
DUST STORM,427,22,440,0.006,DUST STORM,DUST STORM,DUST STORM
DUST STORM/HIGH WINDS,1,0,0,0.000,DUST STORM,DUST STORM,DUST STORM
DUSTSTORM,1,0,0,0.000,,z. ALL OTHERS,DUSTSTORM
EARLY FREEZE,1,0,0,0.000,,z. ALL OTHERS,EARLY FREEZE
EARLY FROST,2,0,0,0.000,,z. ALL OTHERS,EARLY FROST
EARLY RAIN,1,0,0,0.000,,z. ALL OTHERS,EARLY RAIN
EARLY SNOW,3,0,0,0.000,,z. ALL OTHERS,EARLY SNOW
EARLY SNOWFALL,7,0,0,0.000,,z. ALL OTHERS,EARLY SNOWFALL
EROSION/CSTL FLOOD,2,0,0,0.016,COASTAL FLOOD,COASTAL FLOOD,COASTAL FLOOD
EXCESSIVE,1,0,0,0.000,,z. ALL OTHERS,EXCESSIVE
EXCESSIVE COLD,2,0,0,0.000,,z. ALL OTHERS,EXCESSIVE COLD
EXCESSIVE HEAT,1678,1903,6525,0.008,EXCESSIVE HEAT,EXCESSIVE HEAT,EXCESSIVE HEAT
EXCESSIVE HEAT/DROUGHT,1,0,0,0.000,EXCESSIVE HEAT,EXCESSIVE HEAT,EXCESSIVE HEAT
EXCESSIVE PRECIPITATION,1,0,0,0.000,,z. ALL OTHERS,EXCESSIVE PRECIPITATION
EXCESSIVE RAIN,5,0,0,0.000,,z. ALL OTHERS,EXCESSIVE RAIN
EXCESSIVE RAINFALL,4,2,21,0.000,,z. ALL OTHERS,EXCESSIVE RAINFALL
EXCESSIVE SNOW,25,0,2,0.002,HEAVY SNOW,HEAVY SNOW,HEAVY SNOW
EXCESSIVE WETNESS,1,0,0,0.000,,z. ALL OTHERS,EXCESSIVE WETNESS
EXCESSIVELY DRY,1,0,0,0.000,,z. ALL OTHERS,EXCESSIVELY DRY
EXTENDED COLD,1,1,0,0.000,EXTREME COLD/WIND CHILL,EXTREME COLD/WIND CHILL,EXTREME COLD/WIND CHILL
EXTREME COLD,657,162,231,0.068,EXTREME COLD/WIND CHILL,EXTREME COLD/WIND CHILL,EXTREME COLD/WIND CHILL
EXTREME COLD/WIND CHILL,1002,125,24,0.009,EXTREME COLD/WIND CHILL,EXTREME COLD/WIND CHILL,EXTREME COLD/WIND CHILL
EXTREME HEAT,22,96,155,0.000,EXCESSIVE HEAT,EXCESSIVE HEAT,EXCESSIVE HEAT
EXTREME WIND CHILL,6,0,0,0.000,EXTREME COLD/WIND CHILL,EXTREME COLD/WIND CHILL,EXTREME COLD/WIND CHILL
EXTREME WIND CHILL/BLOWING SNO,1,0,0,0.000,EXTREME COLD/WIND CHILL,EXTREME COLD/WIND CHILL,EXTREME COLD/WIND CHILL
EXTREME WIND CHILLS,1,0,0,0.000,EXTREME COLD/WIND CHILL,EXTREME COLD/WIND CHILL,EXTREME COLD/WIND CHILL
EXTREME WINDCHILL,204,17,5,0.001,EXTREME COLD/WIND CHILL,EXTREME COLD/WIND CHILL,EXTREME COLD/WIND CHILL
EXTREME WINDCHILL TEMPERATURES,19,0,0,0.000,EXTREME COLD/WIND CHILL,EXTREME COLD/WIND CHILL,EXTREME COLD/WIND CHILL
EXTREME/RECORD COLD,4,0,0,0.000,EXTREME COLD/WIND CHILL,EXTREME COLD/WIND CHILL,EXTREME COLD/WIND CHILL
EXTREMELY WET,1,0,0,0.000,,z. ALL OTHERS,EXTREMELY WET
FALLING SNOW/ICE,2,1,1,0.000,,z. ALL OTHERS,FALLING SNOW/ICE
FIRST FROST,1,0,0,0.000,,z. ALL OTHERS,FIRST FROST
FIRST SNOW,9,0,0,0.000,,z. ALL OTHERS,FIRST SNOW
FLASH FLOOD,54277,978,1777,16.823,FLASH FLOOD,FLASH FLOOD,FLASH FLOOD
FLASH FLOOD - HEAVY RAIN,2,0,0,0.000,FLASH FLOOD,FLASH FLOOD,FLASH FLOOD
FLASH FLOOD FROM ICE JAMS,5,0,0,0.000,FLASH FLOOD,FLASH FLOOD,FLASH FLOOD
FLASH FLOOD LANDSLIDES,1,0,0,0.000,FLASH FLOOD,FLASH FLOOD,FLASH FLOOD
FLASH FLOOD WINDS,1,0,0,0.000,FLASH FLOOD,FLASH FLOOD,FLASH FLOOD
FLASH FLOOD/,1,0,0,0.001,FLASH FLOOD,FLASH FLOOD,FLASH FLOOD
FLASH FLOOD/ FLOOD,2,0,0,0.000,FLASH FLOOD,FLASH FLOOD,FLASH FLOOD
FLASH FLOOD/ STREET,1,0,0,0.000,FLASH FLOOD,FLASH FLOOD,FLASH FLOOD
FLASH FLOOD/FLOOD,22,14,0,0.272,FLASH FLOOD,FLASH FLOOD,FLASH FLOOD
FLASH FLOOD/HEAVY RAIN,1,0,0,0.000,FLASH FLOOD,FLASH FLOOD,FLASH FLOOD
FLASH FLOOD/LANDSLIDE,1,0,0,0.000,FLASH FLOOD,FLASH FLOOD,FLASH FLOOD
FLASH FLOODING,682,19,8,0.308,FLASH FLOOD,FLASH FLOOD,FLASH FLOOD
FLASH FLOODING/FLOOD,8,5,0,0.002,FLASH FLOOD,FLASH FLOOD,FLASH FLOOD
FLASH FLOODING/THUNDERSTORM WI,1,0,0,0.001,FLASH FLOOD,FLASH FLOOD,FLASH FLOOD
FLASH FLOODS,32,2,0,0.009,FLASH FLOOD,FLASH FLOOD,FLASH FLOOD
FLASH FLOOODING,1,0,0,0.000,FLASH FLOOD,FLASH FLOOD,FLASH FLOOD
FLOOD,25327,470,6789,144.658,FLOOD,FLOOD,FLOOD
FLOOD & HEAVY RAIN,2,1,0,0.010,FLOOD,FLOOD,FLOOD
FLOOD FLASH,3,0,0,0.000,FLOOD,FLOOD,FLOOD
FLOOD FLOOD/FLASH,1,0,0,0.000,FLOOD,FLOOD,FLOOD
FLOOD WATCH/,1,0,0,0.000,FLOOD,FLOOD,FLOOD
FLOOD/FLASH,2,0,0,0.001,FLOOD,FLOOD,FLOOD
FLOOD/FLASH FLOOD,625,17,15,0.174,FLOOD,FLOOD,FLOOD
FLOOD/FLASH FLOODING,2,0,0,0.000,FLOOD,FLOOD,FLOOD
FLOOD/FLASH/FLOOD,1,0,0,0.000,FLOOD,FLOOD,FLOOD
FLOOD/FLASHFLOOD,1,0,0,0.000,FLOOD,FLOOD,FLOOD
FLOOD/RAIN/WIND,1,0,0,0.000,FLOOD,FLOOD,FLOOD
FLOOD/RAIN/WINDS,6,0,0,0.000,FLOOD,FLOOD,FLOOD
FLOOD/RIVER FLOOD,1,1,0,0.001,FLOOD,FLOOD,FLOOD
FLOOD/STRONG WIND,1,0,0,0.000,FLOOD,FLOOD,FLOOD
FLOODING,120,6,2,0.109,FLOOD,FLOOD,FLOOD
FLOODING/HEAVY RAIN,1,0,0,0.000,FLOOD,FLOOD,FLOOD
FLOODS,3,0,0,0.006,FLOOD,FLOOD,FLOOD
FOG,538,62,734,0.013,DENSE FOG,DENSE FOG,DENSE FOG
FOG AND COLD TEMPERATURES,1,1,1,0.000,DENSE FOG,DENSE FOG,DENSE FOG
FOREST FIRES,1,0,0,0.005,WILDFIRE,WILDFIRE,WILDFIRE
FREEZE,76,1,0,0.000,FROST/FREEZE,FROST/FREEZE,FROST/FREEZE
FREEZING DRIZZLE,24,2,15,0.000,FROST/FREEZE,FROST/FREEZE,FROST/FREEZE
FREEZING DRIZZLE AND FREEZING,1,0,0,0.000,FROST/FREEZE,FROST/FREEZE,FROST/FREEZE
FREEZING FOG,46,0,0,0.002,FROST/FREEZE,FROST/FREEZE,FROST/FREEZE
FREEZING RAIN,260,7,23,0.008,FROST/FREEZE,FROST/FREEZE,FROST/FREEZE
FREEZING RAIN AND SLEET,6,0,0,0.000,FROST/FREEZE,FROST/FREEZE,FROST/FREEZE
FREEZING RAIN AND SNOW,1,0,0,0.000,FROST/FREEZE,FROST/FREEZE,FROST/FREEZE
FREEZING RAIN SLEET AND,1,0,0,0.000,FROST/FREEZE,FROST/FREEZE,FROST/FREEZE
FREEZING RAIN SLEET AND LIGHT,1,0,0,0.000,FROST/FREEZE,FROST/FREEZE,FROST/FREEZE
FREEZING RAIN/SLEET,9,0,0,0.000,FROST/FREEZE,FROST/FREEZE,FROST/FREEZE
FREEZING RAIN/SNOW,4,1,0,0.000,FROST/FREEZE,FROST/FREEZE,FROST/FREEZE
FREEZING SPRAY,1,1,0,0.000,FROST/FREEZE,FROST/FREEZE,FROST/FREEZE
FROST,57,1,3,0.000,FROST/FREEZE,FROST/FREEZE,FROST/FREEZE
FROST/FREEZE,1343,0,0,0.010,FROST/FREEZE,FROST/FREEZE,FROST/FREEZE
FROST\FREEZE,1,0,0,0.001,FROST/FREEZE,FROST/FREEZE,FROST/FREEZE
FUNNEL,46,0,0,0.000,FUNNEL CLOUD,FUNNEL CLOUD,FUNNEL CLOUD
FUNNEL CLOUD,6844,0,3,0.000,FUNNEL CLOUD,FUNNEL CLOUD,FUNNEL CLOUD
FUNNEL CLOUD.,1,0,0,0.000,FUNNEL CLOUD,FUNNEL CLOUD,FUNNEL CLOUD
FUNNEL CLOUD/HAIL,1,0,0,0.000,FUNNEL CLOUD,FUNNEL CLOUD,FUNNEL CLOUD
FUNNEL CLOUDS,87,0,0,0.000,FUNNEL CLOUD,FUNNEL CLOUD,FUNNEL CLOUD
FUNNELS,1,0,0,0.000,FUNNEL CLOUD,FUNNEL CLOUD,FUNNEL CLOUD
GLAZE,43,7,216,0.001,FROST/FREEZE,FROST/FREEZE,FROST/FREEZE
GLAZE ICE,2,0,0,0.000,,z. ALL OTHERS,GLAZE ICE
GLAZE/ICE STORM,1,0,15,0.000,,z. ALL OTHERS,GLAZE/ICE STORM
GRADIENT WIND,9,0,0,0.000,,z. ALL OTHERS,GRADIENT WIND
GRADIENT WINDS,8,0,0,0.000,,z. ALL OTHERS,GRADIENT WINDS
GRASS FIRES,1,0,0,0.000,,z. ALL OTHERS,GRASS FIRES
GROUND BLIZZARD,2,0,0,0.000,,z. ALL OTHERS,GROUND BLIZZARD
GUSTNADO,6,0,0,0.000,STRONG WIND,STRONG WIND,STRONG WIND
GUSTNADO AND,1,0,0,0.000,STRONG WIND,STRONG WIND,STRONG WIND
GUSTY LAKE WIND,1,0,0,0.000,STRONG WIND,STRONG WIND,STRONG WIND
GUSTY THUNDERSTORM WIND,3,0,0,0.000,STRONG WIND,STRONG WIND,STRONG WIND
GUSTY THUNDERSTORM WINDS,5,0,0,0.000,STRONG WIND,STRONG WIND,STRONG WIND
GUSTY WIND,24,1,1,0.000,STRONG WIND,STRONG WIND,STRONG WIND
GUSTY WIND/HAIL,1,0,0,0.000,STRONG WIND,STRONG WIND,STRONG WIND
GUSTY WIND/HVY RAIN,1,0,0,0.000,STRONG WIND,STRONG WIND,STRONG WIND
GUSTY WIND/RAIN,1,0,0,0.000,STRONG WIND,STRONG WIND,STRONG WIND
GUSTY WINDS,65,4,11,0.001,STRONG WIND,STRONG WIND,STRONG WIND
HAIL,288661,15,1361,15.735,HAIL,HAIL,HAIL
HAIL 0.75,18,0,0,0.000,HAIL,HAIL,HAIL
HAIL 0.88,1,0,0,0.000,HAIL,HAIL,HAIL
HAIL 075,1,0,0,0.000,HAIL,HAIL,HAIL
HAIL 088,1,0,0,0.000,HAIL,HAIL,HAIL
HAIL 1.00,6,0,0,0.000,HAIL,HAIL,HAIL
HAIL 1.75,4,0,0,0.000,HAIL,HAIL,HAIL
HAIL 1.75),1,0,0,0.000,HAIL,HAIL,HAIL
HAIL 100,13,0,0,0.000,HAIL,HAIL,HAIL
HAIL 125,1,0,0,0.000,HAIL,HAIL,HAIL
HAIL 150,2,0,0,0.000,HAIL,HAIL,HAIL
HAIL 175,13,0,0,0.000,HAIL,HAIL,HAIL
HAIL 200,1,0,0,0.000,HAIL,HAIL,HAIL
HAIL 225,1,0,0,0.000,HAIL,HAIL,HAIL
HAIL 275,3,0,0,0.000,HAIL,HAIL,HAIL
HAIL 450,1,0,0,0.000,HAIL,HAIL,HAIL
HAIL 75,29,0,0,0.000,HAIL,HAIL,HAIL
HAIL 80,2,0,0,0.000,HAIL,HAIL,HAIL
HAIL 88,1,0,0,0.000,HAIL,HAIL,HAIL
HAIL ALOFT,1,0,0,0.000,HAIL,HAIL,HAIL
HAIL DAMAGE,2,0,0,0.000,HAIL,HAIL,HAIL
HAIL FLOODING,1,0,0,0.000,HAIL,HAIL,HAIL
HAIL STORM,1,0,0,0.000,HAIL,HAIL,HAIL
HAIL(0.75),1,0,0,0.000,HAIL,HAIL,HAIL
HAIL/ICY ROADS,1,0,0,0.000,HAIL,HAIL,HAIL
HAIL/WIND,3,0,0,0.000,HAIL,HAIL,HAIL
HAIL/WINDS,2,0,0,0.001,HAIL,HAIL,HAIL
HAILSTORM,3,0,0,0.241,HAIL,HAIL,HAIL
HAILSTORMS,1,0,0,0.000,HAIL,HAIL,HAIL
HARD FREEZE,7,0,0,0.000,FROST/FREEZE,FROST/FREEZE,FROST/FREEZE
HAZARDOUS SURF,1,0,1,0.000,,z. ALL OTHERS,HAZARDOUS SURF
HEAT,767,937,2100,0.002,HEAT,HEAT,HEAT
HEAT DROUGHT,1,0,0,0.000,HEAT,HEAT,HEAT
HEAT WAVE,75,172,379,0.010,HEAT,HEAT,HEAT
HEAT WAVE DROUGHT,1,4,15,0.000,HEAT,HEAT,HEAT
HEAT WAVES,2,5,0,0.000,HEAT,HEAT,HEAT
HEAT/DROUGHT,1,0,0,0.000,HEAT,HEAT,HEAT
HEATBURST,1,0,0,0.000,HEAT,HEAT,HEAT
HEAVY LAKE SNOW,25,0,0,0.001,HEAVY SNOW,HEAVY SNOW,HEAVY SNOW
HEAVY MIX,8,0,0,0.001,HEAVY RAIN,HEAVY RAIN,HEAVY RAIN
HEAVY PRECIPATATION,1,0,0,0.000,HEAVY RAIN,HEAVY RAIN,HEAVY RAIN
HEAVY PRECIPITATION,3,0,0,0.001,HEAVY RAIN,HEAVY RAIN,HEAVY RAIN
HEAVY RAIN,11742,98,251,0.694,HEAVY RAIN,HEAVY RAIN,HEAVY RAIN
HEAVY RAIN AND FLOOD,1,0,0,0.001,HEAVY RAIN,HEAVY RAIN,HEAVY RAIN
HEAVY RAIN AND WIND,4,0,0,0.000,HEAVY RAIN,HEAVY RAIN,HEAVY RAIN
HEAVY RAIN EFFECTS,1,0,0,0.000,HEAVY RAIN,HEAVY RAIN,HEAVY RAIN
HEAVY RAIN/FLOODING,2,0,0,0.000,HEAVY RAIN,HEAVY RAIN,HEAVY RAIN
HEAVY RAIN/HIGH SURF,1,0,0,0.014,HEAVY RAIN,HEAVY RAIN,HEAVY RAIN
HEAVY RAIN/LIGHTNING,1,0,0,0.005,HEAVY RAIN,HEAVY RAIN,HEAVY RAIN
HEAVY RAIN/MUDSLIDES/FLOOD,1,0,0,0.000,HEAVY RAIN,HEAVY RAIN,HEAVY RAIN
HEAVY RAIN/SEVERE WEATHER,2,0,0,2.500,HEAVY RAIN,HEAVY RAIN,HEAVY RAIN
HEAVY RAIN/SMALL STREAM URBAN,1,0,0,0.000,HEAVY RAIN,HEAVY RAIN,HEAVY RAIN
HEAVY RAIN/SNOW,1,0,0,0.001,HEAVY RAIN,HEAVY RAIN,HEAVY RAIN
HEAVY RAIN/URBAN FLOOD,1,0,0,0.000,HEAVY RAIN,HEAVY RAIN,HEAVY RAIN
HEAVY RAIN/WIND,4,0,0,0.000,HEAVY RAIN,HEAVY RAIN,HEAVY RAIN
HEAVY RAIN; URBAN FLOOD WINDS;,1,0,0,0.000,HEAVY RAIN,HEAVY RAIN,HEAVY RAIN
HEAVY RAINFALL,3,0,0,0.000,HEAVY RAIN,HEAVY RAIN,HEAVY RAIN
HEAVY RAINS,26,0,4,0.012,HEAVY RAIN,HEAVY RAIN,HEAVY RAIN
HEAVY RAINS/FLOODING,9,0,0,0.005,HEAVY RAIN,HEAVY RAIN,HEAVY RAIN
HEAVY SEAS,2,3,0,0.000,HIGH SURF,HIGH SURF,HIGH SURF
HEAVY SHOWER,2,0,0,0.000,HEAVY RAIN,HEAVY RAIN,HEAVY RAIN
HEAVY SHOWERS,1,0,0,0.000,HEAVY RAIN,HEAVY RAIN,HEAVY RAIN
HEAVY SNOW,15708,127,1021,0.933,HEAVY SNOW,HEAVY SNOW,HEAVY SNOW
HEAVY SNOW   FREEZING RAIN,1,0,0,0.000,HEAVY SNOW,HEAVY SNOW,HEAVY SNOW
HEAVY SNOW & ICE,1,0,0,0.000,HEAVY SNOW,HEAVY SNOW,HEAVY SNOW
HEAVY SNOW AND,1,0,0,0.000,HEAVY SNOW,HEAVY SNOW,HEAVY SNOW
HEAVY SNOW AND HIGH WINDS,2,2,0,0.000,HEAVY SNOW,HEAVY SNOW,HEAVY SNOW
HEAVY SNOW AND ICE,2,0,0,0.000,HEAVY SNOW,HEAVY SNOW,HEAVY SNOW
HEAVY SNOW AND ICE STORM,2,0,0,0.000,HEAVY SNOW,HEAVY SNOW,HEAVY SNOW
HEAVY SNOW AND STRONG WINDS,1,0,0,0.002,HEAVY SNOW,HEAVY SNOW,HEAVY SNOW
HEAVY SNOW ANDBLOWING SNOW,1,0,0,0.000,HEAVY SNOW,HEAVY SNOW,HEAVY SNOW
HEAVY SNOW SHOWER,1,0,2,0.000,HEAVY SNOW,HEAVY SNOW,HEAVY SNOW
HEAVY SNOW SQUALLS,32,0,0,0.001,HEAVY SNOW,HEAVY SNOW,HEAVY SNOW
HEAVY SNOW-SQUALLS,15,0,0,0.000,HEAVY SNOW,HEAVY SNOW,HEAVY SNOW
HEAVY SNOW/BLIZZARD,3,0,0,0.000,HEAVY SNOW,HEAVY SNOW,HEAVY SNOW
HEAVY SNOW/BLIZZARD/AVALANCHE,1,0,1,0.005,HEAVY SNOW,HEAVY SNOW,HEAVY SNOW
HEAVY SNOW/BLOWING SNOW,1,0,0,0.000,HEAVY SNOW,HEAVY SNOW,HEAVY SNOW
HEAVY SNOW/FREEZING RAIN,2,0,0,0.005,HEAVY SNOW,HEAVY SNOW,HEAVY SNOW
HEAVY SNOW/HIGH,1,0,0,0.000,HEAVY SNOW,HEAVY SNOW,HEAVY SNOW
HEAVY SNOW/HIGH WIND,1,0,0,0.000,HEAVY SNOW,HEAVY SNOW,HEAVY SNOW
HEAVY SNOW/HIGH WINDS,1,0,0,0.000,HEAVY SNOW,HEAVY SNOW,HEAVY SNOW
HEAVY SNOW/HIGH WINDS & FLOOD,1,0,0,0.002,HEAVY SNOW,HEAVY SNOW,HEAVY SNOW
HEAVY SNOW/HIGH WINDS/FREEZING,1,0,0,0.000,HEAVY SNOW,HEAVY SNOW,HEAVY SNOW
HEAVY SNOW/ICE,5,0,10,0.001,HEAVY SNOW,HEAVY SNOW,HEAVY SNOW
HEAVY SNOW/ICE STORM,2,0,0,0.000,HEAVY SNOW,HEAVY SNOW,HEAVY SNOW
HEAVY SNOW/SLEET,1,0,0,0.000,HEAVY SNOW,HEAVY SNOW,HEAVY SNOW
HEAVY SNOW/SQUALLS,2,0,0,0.000,HEAVY SNOW,HEAVY SNOW,HEAVY SNOW
HEAVY SNOW/WIND,1,0,0,0.000,HEAVY SNOW,HEAVY SNOW,HEAVY SNOW
HEAVY SNOW/WINTER STORM,1,0,0,0.001,HEAVY SNOW,HEAVY SNOW,HEAVY SNOW
HEAVY SNOWPACK,1,0,0,0.005,HEAVY SNOW,HEAVY SNOW,HEAVY SNOW
HEAVY SURF,87,8,40,0.001,HIGH SURF,HIGH SURF,HIGH SURF
HEAVY SURF AND WIND,1,3,0,0.000,HIGH SURF,HIGH SURF,HIGH SURF
HEAVY SURF COASTAL FLOODING,1,0,0,0.000,HIGH SURF,HIGH SURF,HIGH SURF
HEAVY SURF/HIGH SURF,228,42,48,0.010,HIGH SURF,HIGH SURF,HIGH SURF
HEAVY SWELLS,1,0,0,0.000,HIGH SURF,HIGH SURF,HIGH SURF
HEAVY WET SNOW,1,0,0,0.000,,z. ALL OTHERS,HEAVY WET SNOW
HIGH,1,0,1,0.000,,z. ALL OTHERS,HIGH
HIGH  SWELLS,1,0,0,0.000,,z. ALL OTHERS,HIGH  SWELLS
HIGH  WINDS,1,0,0,0.000,,z. ALL OTHERS,HIGH  WINDS
HIGH SEAS,8,5,8,0.000,HIGH SURF,HIGH SURF,HIGH SURF
HIGH SURF,734,104,156,0.090,HIGH SURF,HIGH SURF,HIGH SURF
HIGH SURF ADVISORIES,1,0,0,0.000,HIGH SURF,HIGH SURF,HIGH SURF
HIGH SURF ADVISORY,4,0,0,0.000,HIGH SURF,HIGH SURF,HIGH SURF
HIGH SWELLS,5,1,0,0.000,HIGH SURF,HIGH SURF,HIGH SURF
HIGH TEMPERATURE RECORD,3,0,0,0.000,,z. ALL OTHERS,HIGH TEMPERATURE RECORD
HIGH TIDES,2,0,0,0.000,,z. ALL OTHERS,HIGH TIDES
HIGH WATER,6,3,0,0.001,,z. ALL OTHERS,HIGH WATER
HIGH WAVES,3,1,0,0.000,,z. ALL OTHERS,HIGH WAVES
HIGH WIND,20214,248,1137,5.270,HIGH WIND,HIGH WIND,HIGH WIND
HIGH WIND (G40),2,0,0,0.000,HIGH WIND,HIGH WIND,HIGH WIND
HIGH WIND 48,1,0,1,0.000,HIGH WIND,HIGH WIND,HIGH WIND
HIGH WIND 63,1,0,0,0.000,HIGH WIND,HIGH WIND,HIGH WIND
HIGH WIND 70,1,0,0,0.000,HIGH WIND,HIGH WIND,HIGH WIND
HIGH WIND AND HEAVY SNOW,1,0,0,0.000,HIGH WIND,HIGH WIND,HIGH WIND
HIGH WIND AND HIGH TIDES,2,0,0,0.000,HIGH WIND,HIGH WIND,HIGH WIND
HIGH WIND AND SEAS,1,3,20,0.000,HIGH WIND,HIGH WIND,HIGH WIND
HIGH WIND DAMAGE,2,0,0,0.001,HIGH WIND,HIGH WIND,HIGH WIND
HIGH WIND/ BLIZZARD,1,0,0,0.000,HIGH WIND,HIGH WIND,HIGH WIND
HIGH WIND/BLIZZARD,6,0,0,0.000,HIGH WIND,HIGH WIND,HIGH WIND
HIGH WIND/BLIZZARD/FREEZING RA,1,0,0,0.000,HIGH WIND,HIGH WIND,HIGH WIND
HIGH WIND/HEAVY SNOW,3,0,1,0.000,HIGH WIND,HIGH WIND,HIGH WIND
HIGH WIND/LOW WIND CHILL,1,0,0,0.000,HIGH WIND,HIGH WIND,HIGH WIND
HIGH WIND/SEAS,1,4,0,0.001,HIGH WIND,HIGH WIND,HIGH WIND
HIGH WIND/WIND CHILL,1,0,0,0.000,HIGH WIND,HIGH WIND,HIGH WIND
HIGH WIND/WIND CHILL/BLIZZARD,1,0,0,0.000,HIGH WIND,HIGH WIND,HIGH WIND
HIGH WINDS,1533,35,302,0.608,HIGH WIND,HIGH WIND,HIGH WIND
HIGH WINDS 55,1,0,0,0.000,HIGH WIND,HIGH WIND,HIGH WIND
HIGH WINDS 57,1,0,0,0.000,HIGH WIND,HIGH WIND,HIGH WIND
HIGH WINDS 58,1,0,0,0.000,HIGH WIND,HIGH WIND,HIGH WIND
HIGH WINDS 63,2,0,0,0.000,HIGH WIND,HIGH WIND,HIGH WIND
HIGH WINDS 66,2,0,0,0.000,HIGH WIND,HIGH WIND,HIGH WIND
HIGH WINDS 67,1,0,0,0.000,HIGH WIND,HIGH WIND,HIGH WIND
HIGH WINDS 73,1,0,0,0.000,HIGH WIND,HIGH WIND,HIGH WIND
HIGH WINDS 76,1,0,0,0.000,HIGH WIND,HIGH WIND,HIGH WIND
HIGH WINDS 80,2,0,0,0.000,HIGH WIND,HIGH WIND,HIGH WIND
HIGH WINDS 82,1,0,0,0.000,HIGH WIND,HIGH WIND,HIGH WIND
HIGH WINDS AND WIND CHILL,1,0,0,0.000,HIGH WIND,HIGH WIND,HIGH WIND
HIGH WINDS DUST STORM,1,0,0,0.000,HIGH WIND,HIGH WIND,HIGH WIND
HIGH WINDS HEAVY RAINS,1,0,0,0.008,HIGH WIND,HIGH WIND,HIGH WIND
HIGH WINDS/,1,0,0,0.000,HIGH WIND,HIGH WIND,HIGH WIND
HIGH WINDS/COASTAL FLOOD,1,0,0,0.005,HIGH WIND,HIGH WIND,HIGH WIND
HIGH WINDS/COLD,5,0,4,0.111,HIGH WIND,HIGH WIND,HIGH WIND
HIGH WINDS/FLOODING,1,0,0,0.000,HIGH WIND,HIGH WIND,HIGH WIND
HIGH WINDS/HEAVY RAIN,1,0,0,0.000,HIGH WIND,HIGH WIND,HIGH WIND
HIGH WINDS/SNOW,3,3,6,0.000,HIGH WIND,HIGH WIND,HIGH WIND
HIGHWAY FLOODING,1,0,0,0.000,,z. ALL OTHERS,HIGHWAY FLOODING
HOT AND DRY,2,0,0,0.000,,z. ALL OTHERS,HOT AND DRY
HOT PATTERN,1,0,0,0.000,,z. ALL OTHERS,HOT PATTERN
HOT SPELL,2,0,0,0.000,,z. ALL OTHERS,HOT SPELL
HOT WEATHER,1,0,0,0.000,,z. ALL OTHERS,HOT WEATHER
HOT/DRY PATTERN,1,0,0,0.000,,z. ALL OTHERS,HOT/DRY PATTERN
HURRICANE,174,61,46,11.868,HURRICANE,HURRICANE,HURRICANE
HURRICANE EDOUARD,2,0,2,0.000,HURRICANE,HURRICANE,HURRICANE
HURRICANE EMILY,1,0,1,0.050,HURRICANE,HURRICANE,HURRICANE
HURRICANE ERIN,7,6,1,0.258,HURRICANE,HURRICANE,HURRICANE
HURRICANE FELIX,2,1,0,0.001,HURRICANE,HURRICANE,HURRICANE
HURRICANE GORDON,1,0,0,0.001,HURRICANE,HURRICANE,HURRICANE
HURRICANE OPAL,9,1,1,3.173,HURRICANE,HURRICANE,HURRICANE
HURRICANE OPAL/HIGH WINDS,1,2,0,0.100,HURRICANE,HURRICANE,HURRICANE
HURRICANE-GENERATED SWELLS,3,0,2,0.000,HURRICANE,HURRICANE,HURRICANE
HURRICANE/TYPHOON,88,64,1275,69.306,HURRICANE,HURRICANE,HURRICANE
HVY RAIN,2,0,0,0.000,,z. ALL OTHERS,HVY RAIN
HYPERTHERMIA/EXPOSURE,1,1,0,0.000,,z. ALL OTHERS,HYPERTHERMIA/EXPOSURE
HYPOTHERMIA,1,1,0,0.000,,z. ALL OTHERS,HYPOTHERMIA
HYPOTHERMIA/EXPOSURE,6,7,0,0.000,,z. ALL OTHERS,HYPOTHERMIA/EXPOSURE
ICE,61,6,137,0.013,ICE STORM,ICE STORM,ICE STORM
ICE AND SNOW,1,0,0,0.005,ICE STORM,ICE STORM,ICE STORM
ICE FLOES,2,0,0,0.000,ICE STORM,ICE STORM,ICE STORM
ICE FOG,2,0,0,0.000,ICE STORM,ICE STORM,ICE STORM
ICE JAM,4,0,0,0.000,ICE STORM,ICE STORM,ICE STORM
ICE JAM FLOOD (MINOR,1,0,0,0.000,ICE STORM,ICE STORM,ICE STORM
ICE JAM FLOODING,5,0,0,0.006,ICE STORM,ICE STORM,ICE STORM
ICE ON ROAD,1,1,0,0.000,ICE STORM,ICE STORM,ICE STORM
ICE PELLETS,1,0,0,0.000,ICE STORM,ICE STORM,ICE STORM
ICE ROADS,1,0,1,0.000,ICE STORM,ICE STORM,ICE STORM
ICE STORM,2006,89,1975,3.945,ICE STORM,ICE STORM,ICE STORM
ICE STORM AND SNOW,1,0,0,0.000,ICE STORM,ICE STORM,ICE STORM
ICE STORM/FLASH FLOOD,1,0,2,0.000,ICE STORM,ICE STORM,ICE STORM
ICE/SNOW,5,0,0,0.000,ICE STORM,ICE STORM,ICE STORM
ICE/STRONG WINDS,1,0,0,0.004,ICE STORM,ICE STORM,ICE STORM
ICESTORM/BLIZZARD,1,0,0,0.000,ICE STORM,ICE STORM,ICE STORM
ICY ROADS,32,5,31,0.000,,z. ALL OTHERS,ICY ROADS
LACK OF SNOW,1,0,0,0.000,,z. ALL OTHERS,LACK OF SNOW
LAKE EFFECT SNOW,23,0,0,0.000,,z. ALL OTHERS,LAKE EFFECT SNOW
LAKE FLOOD,1,0,0,0.000,,z. ALL OTHERS,LAKE FLOOD
LAKE-EFFECT SNOW,636,0,0,0.040,LAKE-EFFECT SNOW,LAKE-EFFECT SNOW,LAKE-EFFECT SNOW
LAKESHORE FLOOD,23,0,0,0.008,LAKESHORE FLOOD,LAKESHORE FLOOD,LAKESHORE FLOOD
LANDSLIDE,600,38,52,0.325,DEBRIS FLOW,DEBRIS FLOW,DEBRIS FLOW
LANDSLIDE/URBAN FLOOD,1,0,0,0.000,DEBRIS FLOW,DEBRIS FLOW,DEBRIS FLOW
LANDSLIDES,8,1,1,0.000,DEBRIS FLOW,DEBRIS FLOW,DEBRIS FLOW
LANDSLUMP,2,0,0,0.001,DEBRIS FLOW,DEBRIS FLOW,DEBRIS FLOW
LANDSPOUT,2,0,0,0.000,,z. ALL OTHERS,LANDSPOUT
LARGE WALL CLOUD,1,0,0,0.000,,z. ALL OTHERS,LARGE WALL CLOUD
LATE FREEZE,1,0,0,0.000,,z. ALL OTHERS,LATE FREEZE
LATE SEASON HAIL,1,0,0,0.000,,z. ALL OTHERS,LATE SEASON HAIL
LATE SEASON SNOW,1,0,0,0.000,,z. ALL OTHERS,LATE SEASON SNOW
LATE SEASON SNOWFALL,2,0,0,0.000,,z. ALL OTHERS,LATE SEASON SNOWFALL
LATE SNOW,2,0,0,0.000,,z. ALL OTHERS,LATE SNOW
LATE-SEASON SNOWFALL,1,0,0,0.000,,z. ALL OTHERS,LATE-SEASON SNOWFALL
LIGHT FREEZING RAIN,23,0,0,0.000,,z. ALL OTHERS,LIGHT FREEZING RAIN
LIGHT SNOW,176,1,2,0.003,WINTER STORM,WINTER STORM,WINTER STORM
LIGHT SNOW AND SLEET,2,0,0,0.000,WINTER STORM,WINTER STORM,WINTER STORM
LIGHT SNOW/FLURRIES,3,0,0,0.000,WINTER STORM,WINTER STORM,WINTER STORM
LIGHT SNOW/FREEZING PRECIP,1,0,0,0.000,WINTER STORM,WINTER STORM,WINTER STORM
LIGHT SNOWFALL,1,0,0,0.000,WINTER STORM,WINTER STORM,WINTER STORM
LIGHTING,3,0,0,0.000,LIGHTNING,LIGHTNING,LIGHTNING
LIGHTNING,15754,816,5230,0.930,LIGHTNING,LIGHTNING,LIGHTNING
LIGHTNING  WAUSEON,1,0,0,0.000,LIGHTNING,LIGHTNING,LIGHTNING
LIGHTNING AND HEAVY RAIN,1,0,0,0.000,LIGHTNING,LIGHTNING,LIGHTNING
LIGHTNING AND THUNDERSTORM WIN,1,0,1,0.000,LIGHTNING,LIGHTNING,LIGHTNING
LIGHTNING AND WINDS,1,0,0,0.000,LIGHTNING,LIGHTNING,LIGHTNING
LIGHTNING DAMAGE,1,0,0,0.000,LIGHTNING,LIGHTNING,LIGHTNING
LIGHTNING FIRE,1,0,0,0.005,LIGHTNING,LIGHTNING,LIGHTNING
LIGHTNING INJURY,1,0,1,0.000,LIGHTNING,LIGHTNING,LIGHTNING
LIGHTNING THUNDERSTORM WINDS,1,0,0,0.000,LIGHTNING,LIGHTNING,LIGHTNING
LIGHTNING THUNDERSTORM WINDSS,1,0,0,0.000,LIGHTNING,LIGHTNING,LIGHTNING
LIGHTNING.,1,1,0,0.000,LIGHTNING,LIGHTNING,LIGHTNING
LIGHTNING/HEAVY RAIN,1,0,0,0.000,LIGHTNING,LIGHTNING,LIGHTNING
LIGNTNING,1,0,0,0.000,LIGHTNING,LIGHTNING,LIGHTNING
LOCAL FLASH FLOOD,1,0,0,0.000,,z. ALL OTHERS,LOCAL FLASH FLOOD
LOCAL FLOOD,1,0,0,0.000,,z. ALL OTHERS,LOCAL FLOOD
LOCALLY HEAVY RAIN,1,0,0,0.000,,z. ALL OTHERS,LOCALLY HEAVY RAIN
LOW TEMPERATURE,7,7,0,0.000,,z. ALL OTHERS,LOW TEMPERATURE
LOW TEMPERATURE RECORD,1,0,0,0.000,,z. ALL OTHERS,LOW TEMPERATURE RECORD
LOW WIND CHILL,1,0,0,0.000,,z. ALL OTHERS,LOW WIND CHILL
MAJOR FLOOD,3,0,0,0.105,FLOOD,FLOOD,FLOOD
MARINE ACCIDENT,1,1,2,0.000,,z. ALL OTHERS,MARINE ACCIDENT
MARINE HAIL,442,0,0,0.000,,z. ALL OTHERS,MARINE HAIL
MARINE HIGH WIND,135,1,1,0.001,MARINE THUNDERSTORM WIND,MARINE THUNDERSTORM WIND,MARINE THUNDERSTORM WIND
MARINE MISHAP,2,7,5,0.000,,z. ALL OTHERS,MARINE MISHAP
MARINE STRONG WIND,48,14,22,0.000,MARINE THUNDERSTORM WIND,MARINE THUNDERSTORM WIND,MARINE THUNDERSTORM WIND
MARINE THUNDERSTORM WIND,5812,10,26,0.000,MARINE THUNDERSTORM WIND,MARINE THUNDERSTORM WIND,MARINE THUNDERSTORM WIND
MARINE TSTM WIND,6175,9,8,0.005,MARINE THUNDERSTORM WIND,MARINE THUNDERSTORM WIND,MARINE THUNDERSTORM WIND
"METRO STORM, MAY 26",1,0,0,0.000,,z. ALL OTHERS,"METRO STORM, MAY 26"
MICROBURST,9,0,0,0.000,,z. ALL OTHERS,MICROBURST
MICROBURST WINDS,5,0,0,0.000,,z. ALL OTHERS,MICROBURST WINDS
MILD AND DRY PATTERN,1,0,0,0.000,,z. ALL OTHERS,MILD AND DRY PATTERN
MILD PATTERN,1,0,0,0.000,,z. ALL OTHERS,MILD PATTERN
MILD/DRY PATTERN,1,0,0,0.000,,z. ALL OTHERS,MILD/DRY PATTERN
MINOR FLOOD,1,0,0,0.000,,z. ALL OTHERS,MINOR FLOOD
MINOR FLOODING,4,1,0,0.000,,z. ALL OTHERS,MINOR FLOODING
MIXED PRECIP,10,2,26,0.000,,z. ALL OTHERS,MIXED PRECIP
MIXED PRECIPITATION,37,0,0,0.001,,z. ALL OTHERS,MIXED PRECIPITATION
MODERATE SNOW,1,0,0,0.000,,z. ALL OTHERS,MODERATE SNOW
MODERATE SNOWFALL,101,0,0,0.000,,z. ALL OTHERS,MODERATE SNOWFALL
MONTHLY PRECIPITATION,36,0,0,0.000,,z. ALL OTHERS,MONTHLY PRECIPITATION
MONTHLY RAINFALL,13,0,0,0.000,,z. ALL OTHERS,MONTHLY RAINFALL
MONTHLY SNOWFALL,2,0,0,0.000,,z. ALL OTHERS,MONTHLY SNOWFALL
MONTHLY TEMPERATURE,4,0,0,0.000,,z. ALL OTHERS,MONTHLY TEMPERATURE
MOUNTAIN SNOWS,1,0,0,0.000,,z. ALL OTHERS,MOUNTAIN SNOWS
MUD SLIDE,7,0,0,0.001,,z. ALL OTHERS,MUD SLIDE
MUD SLIDES,1,0,0,0.000,,z. ALL OTHERS,MUD SLIDES
MUD SLIDES URBAN FLOODING,1,0,0,0.000,,z. ALL OTHERS,MUD SLIDES URBAN FLOODING
MUD/ROCK SLIDE,1,0,0,0.000,,z. ALL OTHERS,MUD/ROCK SLIDE
MUDSLIDE,17,4,2,0.001,DEBRIS FLOW,DEBRIS FLOW,DEBRIS FLOW
MUDSLIDE/LANDSLIDE,1,0,0,0.000,,z. ALL OTHERS,MUDSLIDE/LANDSLIDE
MUDSLIDES,9,1,0,0.000,,z. ALL OTHERS,MUDSLIDES
NEAR RECORD SNOW,1,0,0,0.000,,z. ALL OTHERS,NEAR RECORD SNOW
NO SEVERE WEATHER,1,0,0,0.000,,z. ALL OTHERS,NO SEVERE WEATHER
NON SEVERE HAIL,7,0,0,0.000,,z. ALL OTHERS,NON SEVERE HAIL
NON TSTM WIND,2,0,1,0.000,,z. ALL OTHERS,NON TSTM WIND
NON-SEVERE WIND DAMAGE,1,0,7,0.000,,z. ALL OTHERS,NON-SEVERE WIND DAMAGE
NON-TSTM WIND,1,0,0,0.000,,z. ALL OTHERS,NON-TSTM WIND
NONE,2,0,0,0.000,,z. ALL OTHERS,NONE
NORMAL PRECIPITATION,3,0,0,0.000,,z. ALL OTHERS,NORMAL PRECIPITATION
NORTHERN LIGHTS,1,0,0,0.000,,z. ALL OTHERS,NORTHERN LIGHTS
OTHER,52,0,4,0.000,,z. ALL OTHERS,OTHER
PATCHY DENSE FOG,3,0,0,0.000,,z. ALL OTHERS,PATCHY DENSE FOG
PATCHY ICE,1,0,0,0.000,,z. ALL OTHERS,PATCHY ICE
PROLONG COLD,22,0,0,0.000,,z. ALL OTHERS,PROLONG COLD
PROLONG COLD/SNOW,1,0,0,0.000,,z. ALL OTHERS,PROLONG COLD/SNOW
PROLONG WARMTH,4,0,0,0.000,,z. ALL OTHERS,PROLONG WARMTH
PROLONGED RAIN,4,0,0,0.000,,z. ALL OTHERS,PROLONGED RAIN
RAIN,16,0,0,0.005,HEAVY RAIN,HEAVY RAIN,HEAVY RAIN
RAIN (HEAVY),1,0,0,0.000,HEAVY RAIN,HEAVY RAIN,HEAVY RAIN
RAIN AND WIND,1,0,0,0.000,HEAVY RAIN,HEAVY RAIN,HEAVY RAIN
RAIN DAMAGE,1,0,0,0.000,HEAVY RAIN,HEAVY RAIN,HEAVY RAIN
RAIN/SNOW,5,4,2,0.000,HEAVY RAIN,HEAVY RAIN,HEAVY RAIN
RAIN/WIND,1,1,0,0.000,HEAVY RAIN,HEAVY RAIN,HEAVY RAIN
RAINSTORM,1,0,0,0.000,HEAVY RAIN,HEAVY RAIN,HEAVY RAIN
RAPIDLY RISING WATER,1,1,0,0.000,,z. ALL OTHERS,RAPIDLY RISING WATER
RECORD  COLD,1,0,0,0.000,EXTREME COLD/WIND CHILL,EXTREME COLD/WIND CHILL,EXTREME COLD/WIND CHILL
RECORD COLD,67,1,0,0.056,EXTREME COLD/WIND CHILL,EXTREME COLD/WIND CHILL,EXTREME COLD/WIND CHILL
RECORD COLD AND HIGH WIND,1,0,0,0.000,EXTREME COLD/WIND CHILL,EXTREME COLD/WIND CHILL,EXTREME COLD/WIND CHILL
RECORD COLD/FROST,2,0,0,0.000,EXTREME COLD/WIND CHILL,EXTREME COLD/WIND CHILL,EXTREME COLD/WIND CHILL
RECORD COOL,5,0,0,0.000,EXTREME COLD/WIND CHILL,EXTREME COLD/WIND CHILL,EXTREME COLD/WIND CHILL
RECORD DRY MONTH,1,0,0,0.000,,z. ALL OTHERS,RECORD DRY MONTH
RECORD DRYNESS,2,0,0,0.000,,z. ALL OTHERS,RECORD DRYNESS
RECORD HEAT,82,2,50,0.000,HEAT,HEAT,HEAT
RECORD HEAT WAVE,1,0,0,0.000,HEAT,HEAT,HEAT
RECORD HIGH,7,0,0,0.000,,z. ALL OTHERS,RECORD HIGH
RECORD HIGH TEMPERATURE,3,0,0,0.000,,z. ALL OTHERS,RECORD HIGH TEMPERATURE
RECORD HIGH TEMPERATURES,1,0,0,0.000,,z. ALL OTHERS,RECORD HIGH TEMPERATURES
RECORD LOW,4,0,0,0.000,,z. ALL OTHERS,RECORD LOW
RECORD LOW RAINFALL,2,0,0,0.000,,z. ALL OTHERS,RECORD LOW RAINFALL
RECORD MAY SNOW,1,0,0,0.000,,z. ALL OTHERS,RECORD MAY SNOW
RECORD PRECIPITATION,1,0,0,0.000,,z. ALL OTHERS,RECORD PRECIPITATION
RECORD RAINFALL,14,0,0,0.000,,z. ALL OTHERS,RECORD RAINFALL
RECORD SNOW,8,0,0,0.001,HEAVY SNOW,HEAVY SNOW,HEAVY SNOW
RECORD SNOW/COLD,1,0,0,0.000,,z. ALL OTHERS,RECORD SNOW/COLD
RECORD SNOWFALL,6,0,0,0.000,,z. ALL OTHERS,RECORD SNOWFALL
RECORD TEMPERATURE,16,0,0,0.000,,z. ALL OTHERS,RECORD TEMPERATURE
RECORD TEMPERATURES,5,0,0,0.000,,z. ALL OTHERS,RECORD TEMPERATURES
RECORD WARM,1,0,0,0.000,,z. ALL OTHERS,RECORD WARM
RECORD WARM TEMPS.,1,0,0,0.000,,z. ALL OTHERS,RECORD WARM TEMPS.
RECORD WARMTH,154,0,0,0.000,,z. ALL OTHERS,RECORD WARMTH
RECORD WINTER SNOW,3,0,0,0.000,,z. ALL OTHERS,RECORD WINTER SNOW
RECORD/EXCESSIVE HEAT,3,17,0,0.000,EXCESSIVE HEAT,EXCESSIVE HEAT,EXCESSIVE HEAT
RECORD/EXCESSIVE RAINFALL,1,0,0,0.000,,z. ALL OTHERS,RECORD/EXCESSIVE RAINFALL
RED FLAG CRITERIA,2,0,0,0.000,,z. ALL OTHERS,RED FLAG CRITERIA
RED FLAG FIRE WX,2,0,0,0.000,,z. ALL OTHERS,RED FLAG FIRE WX
REMNANTS OF FLOYD,2,0,0,0.000,,z. ALL OTHERS,REMNANTS OF FLOYD
RIP CURRENT,470,368,232,0.000,RIP CURRENT,RIP CURRENT,RIP CURRENT
RIP CURRENTS,304,204,297,0.000,RIP CURRENT,RIP CURRENT,RIP CURRENT
RIP CURRENTS HEAVY SURF,1,0,0,0.000,,z. ALL OTHERS,RIP CURRENTS HEAVY SURF
RIP CURRENTS/HEAVY SURF,2,5,0,0.000,,z. ALL OTHERS,RIP CURRENTS/HEAVY SURF
RIVER AND STREAM FLOOD,2,0,0,0.001,FLOOD,FLOOD,FLOOD
RIVER FLOOD,173,2,2,5.119,FLOOD,FLOOD,FLOOD
RIVER FLOODING,29,2,1,0.116,FLOOD,FLOOD,FLOOD
ROCK SLIDE,2,0,0,0.000,,z. ALL OTHERS,ROCK SLIDE
ROGUE WAVE,1,0,2,0.000,,z. ALL OTHERS,ROGUE WAVE
ROTATING WALL CLOUD,5,0,0,0.000,,z. ALL OTHERS,ROTATING WALL CLOUD
ROUGH SEAS,3,8,5,0.000,,z. ALL OTHERS,ROUGH SEAS
ROUGH SURF,4,4,1,0.000,,z. ALL OTHERS,ROUGH SURF
RURAL FLOOD,2,0,0,0.000,,z. ALL OTHERS,RURAL FLOOD
SAHARAN DUST,4,0,0,0.000,,z. ALL OTHERS,SAHARAN DUST
SEASONAL SNOWFALL,1,0,0,0.000,,z. ALL OTHERS,SEASONAL SNOWFALL
SEICHE,21,0,0,0.001,,z. ALL OTHERS,SEICHE
SEVERE COLD,1,0,0,0.000,,z. ALL OTHERS,SEVERE COLD
SEVERE THUNDERSTORM,13,0,0,1.205,THUNDERSTORM WIND,THUNDERSTORM WIND,THUNDERSTORM WIND
SEVERE THUNDERSTORM WINDS,5,0,0,0.000,THUNDERSTORM WIND,THUNDERSTORM WIND,THUNDERSTORM WIND
SEVERE THUNDERSTORMS,23,0,0,0.002,THUNDERSTORM WIND,THUNDERSTORM WIND,THUNDERSTORM WIND
SEVERE TURBULENCE,1,0,0,0.000,,z. ALL OTHERS,SEVERE TURBULENCE
SLEET,59,2,0,0.000,,z. ALL OTHERS,SLEET
SLEET & FREEZING RAIN,1,0,0,0.000,,z. ALL OTHERS,SLEET & FREEZING RAIN
SLEET STORM,12,0,0,0.000,,z. ALL OTHERS,SLEET STORM
SLEET/FREEZING RAIN,2,0,0,0.000,,z. ALL OTHERS,SLEET/FREEZING RAIN
SLEET/ICE STORM,1,0,0,0.001,,z. ALL OTHERS,SLEET/ICE STORM
SLEET/RAIN/SNOW,1,0,0,0.000,,z. ALL OTHERS,SLEET/RAIN/SNOW
SLEET/SNOW,2,0,0,0.000,,z. ALL OTHERS,SLEET/SNOW
SMALL HAIL,53,0,10,0.000,,z. ALL OTHERS,SMALL HAIL
SMALL STREAM,1,0,0,0.000,,z. ALL OTHERS,SMALL STREAM
SMALL STREAM AND,1,0,0,0.000,,z. ALL OTHERS,SMALL STREAM AND
SMALL STREAM AND URBAN FLOOD,2,0,0,0.000,,z. ALL OTHERS,SMALL STREAM AND URBAN FLOOD
SMALL STREAM AND URBAN FLOODIN,1,0,0,0.000,,z. ALL OTHERS,SMALL STREAM AND URBAN FLOODIN
SMALL STREAM FLOOD,7,0,0,0.000,,z. ALL OTHERS,SMALL STREAM FLOOD
SMALL STREAM FLOODING,4,0,0,0.000,,z. ALL OTHERS,SMALL STREAM FLOODING
SMALL STREAM URBAN FLOOD,1,0,0,0.000,,z. ALL OTHERS,SMALL STREAM URBAN FLOOD
SMALL STREAM/URBAN FLOOD,5,0,0,0.000,,z. ALL OTHERS,SMALL STREAM/URBAN FLOOD
SML STREAM FLD,2,0,0,0.000,,z. ALL OTHERS,SML STREAM FLD
SMOKE,11,0,0,0.000,,z. ALL OTHERS,SMOKE
SNOW,617,5,31,0.015,HEAVY SNOW,HEAVY SNOW,HEAVY SNOW
SNOW ACCUMULATION,2,0,0,0.000,HEAVY SNOW,HEAVY SNOW,HEAVY SNOW
SNOW ADVISORY,1,0,0,0.000,HEAVY SNOW,HEAVY SNOW,HEAVY SNOW
SNOW AND COLD,2,0,0,0.000,HEAVY SNOW,HEAVY SNOW,HEAVY SNOW
SNOW AND HEAVY SNOW,2,0,0,0.000,HEAVY SNOW,HEAVY SNOW,HEAVY SNOW
SNOW AND ICE,34,4,1,0.000,HEAVY SNOW,HEAVY SNOW,HEAVY SNOW
SNOW AND ICE STORM,1,0,0,0.001,HEAVY SNOW,HEAVY SNOW,HEAVY SNOW
SNOW AND SLEET,5,0,0,0.000,HEAVY SNOW,HEAVY SNOW,HEAVY SNOW
SNOW AND WIND,1,0,0,0.000,HEAVY SNOW,HEAVY SNOW,HEAVY SNOW
SNOW DROUGHT,7,0,0,0.000,HEAVY SNOW,HEAVY SNOW,HEAVY SNOW
SNOW FREEZING RAIN,11,0,0,0.001,HEAVY SNOW,HEAVY SNOW,HEAVY SNOW
SNOW SHOWERS,6,0,0,0.000,HEAVY SNOW,HEAVY SNOW,HEAVY SNOW
SNOW SLEET,1,0,0,0.000,HEAVY SNOW,HEAVY SNOW,HEAVY SNOW
SNOW SQUALL,19,2,35,0.001,HEAVY SNOW,HEAVY SNOW,HEAVY SNOW
SNOW SQUALLS,22,1,0,0.001,HEAVY SNOW,HEAVY SNOW,HEAVY SNOW
SNOW- HIGH WIND- WIND CHILL,1,0,0,0.000,HEAVY SNOW,HEAVY SNOW,HEAVY SNOW
SNOW/ BITTER COLD,1,1,0,0.000,HEAVY SNOW,HEAVY SNOW,HEAVY SNOW
SNOW/ ICE,1,0,0,0.000,HEAVY SNOW,HEAVY SNOW,HEAVY SNOW
SNOW/BLOWING SNOW,7,0,0,0.000,HEAVY SNOW,HEAVY SNOW,HEAVY SNOW
SNOW/COLD,2,0,0,0.001,HEAVY SNOW,HEAVY SNOW,HEAVY SNOW
SNOW/FREEZING RAIN,6,0,0,0.001,HEAVY SNOW,HEAVY SNOW,HEAVY SNOW
SNOW/HEAVY SNOW,1,0,0,0.001,HEAVY SNOW,HEAVY SNOW,HEAVY SNOW
SNOW/HIGH WINDS,2,0,36,0.000,HEAVY SNOW,HEAVY SNOW,HEAVY SNOW
SNOW/ICE,7,0,0,0.000,HEAVY SNOW,HEAVY SNOW,HEAVY SNOW
SNOW/ICE STORM,17,0,0,0.000,HEAVY SNOW,HEAVY SNOW,HEAVY SNOW
SNOW/RAIN,1,0,0,0.000,HEAVY SNOW,HEAVY SNOW,HEAVY SNOW
SNOW/RAIN/SLEET,1,0,0,0.000,HEAVY SNOW,HEAVY SNOW,HEAVY SNOW
SNOW/SLEET,10,0,0,0.001,HEAVY SNOW,HEAVY SNOW,HEAVY SNOW
SNOW/SLEET/FREEZING RAIN,6,0,0,0.000,HEAVY SNOW,HEAVY SNOW,HEAVY SNOW
SNOW/SLEET/RAIN,1,0,0,0.000,HEAVY SNOW,HEAVY SNOW,HEAVY SNOW
SNOWFALL RECORD,1,0,0,0.000,HEAVY SNOW,HEAVY SNOW,HEAVY SNOW
SNOWMELT FLOODING,5,0,0,0.005,HEAVY SNOW,HEAVY SNOW,HEAVY SNOW
SNOWSTORM,1,0,0,0.000,HEAVY SNOW,HEAVY SNOW,HEAVY SNOW
SNOW\COLD,1,0,0,0.000,HEAVY SNOW,HEAVY SNOW,HEAVY SNOW
SOUTHEAST,1,0,0,0.000,,z. ALL OTHERS,SOUTHEAST
STORM FORCE WINDS,1,0,0,0.000,,z. ALL OTHERS,STORM FORCE WINDS
STORM SURGE,261,13,38,43.324,STORM SURGE/TIDE,STORM SURGE/TIDE,STORM SURGE/TIDE
STORM SURGE/TIDE,148,11,5,4.641,STORM SURGE/TIDE,STORM SURGE/TIDE,STORM SURGE/TIDE
STREAM FLOODING,1,0,0,0.000,,z. ALL OTHERS,STREAM FLOODING
STREET FLOOD,3,0,0,0.000,,z. ALL OTHERS,STREET FLOOD
STREET FLOODING,3,0,0,0.000,,z. ALL OTHERS,STREET FLOODING
STRONG WIND,3569,103,280,0.175,STRONG WIND,STRONG WIND,STRONG WIND
STRONG WIND GUST,2,0,0,0.000,STRONG WIND,STRONG WIND,STRONG WIND
STRONG WINDS,204,8,21,0.002,STRONG WIND,STRONG WIND,STRONG WIND
SUMMARY AUGUST 10,2,0,0,0.000,,z. ALL OTHERS,SUMMARY AUGUST 10
SUMMARY AUGUST 11,2,0,0,0.000,,z. ALL OTHERS,SUMMARY AUGUST 11
SUMMARY AUGUST 17,1,0,0,0.000,,z. ALL OTHERS,SUMMARY AUGUST 17
SUMMARY AUGUST 2-3,1,0,0,0.000,,z. ALL OTHERS,SUMMARY AUGUST 2-3
SUMMARY AUGUST 21,1,0,0,0.000,,z. ALL OTHERS,SUMMARY AUGUST 21
SUMMARY AUGUST 28,1,0,0,0.000,,z. ALL OTHERS,SUMMARY AUGUST 28
SUMMARY AUGUST 4,1,0,0,0.000,,z. ALL OTHERS,SUMMARY AUGUST 4
SUMMARY AUGUST 7,1,0,0,0.000,,z. ALL OTHERS,SUMMARY AUGUST 7
SUMMARY AUGUST 9,1,0,0,0.000,,z. ALL OTHERS,SUMMARY AUGUST 9
SUMMARY JAN 17,1,0,0,0.000,,z. ALL OTHERS,SUMMARY JAN 17
SUMMARY JULY 23-24,1,0,0,0.000,,z. ALL OTHERS,SUMMARY JULY 23-24
SUMMARY JUNE 18-19,1,0,0,0.000,,z. ALL OTHERS,SUMMARY JUNE 18-19
SUMMARY JUNE 5-6,1,0,0,0.000,,z. ALL OTHERS,SUMMARY JUNE 5-6
SUMMARY JUNE 6,1,0,0,0.000,,z. ALL OTHERS,SUMMARY JUNE 6
SUMMARY OF APRIL 12,2,0,0,0.000,,z. ALL OTHERS,SUMMARY OF APRIL 12
SUMMARY OF APRIL 13,1,0,0,0.000,,z. ALL OTHERS,SUMMARY OF APRIL 13
SUMMARY OF APRIL 21,2,0,0,0.000,,z. ALL OTHERS,SUMMARY OF APRIL 21
SUMMARY OF APRIL 27,1,0,0,0.000,,z. ALL OTHERS,SUMMARY OF APRIL 27
SUMMARY OF APRIL 3RD,1,0,0,0.000,,z. ALL OTHERS,SUMMARY OF APRIL 3RD
SUMMARY OF AUGUST 1,1,0,0,0.000,,z. ALL OTHERS,SUMMARY OF AUGUST 1
SUMMARY OF JULY 11,1,0,0,0.000,,z. ALL OTHERS,SUMMARY OF JULY 11
SUMMARY OF JULY 2,1,0,0,0.000,,z. ALL OTHERS,SUMMARY OF JULY 2
SUMMARY OF JULY 22,1,0,0,0.000,,z. ALL OTHERS,SUMMARY OF JULY 22
SUMMARY OF JULY 26,1,0,0,0.000,,z. ALL OTHERS,SUMMARY OF JULY 26
SUMMARY OF JULY 29,1,0,0,0.000,,z. ALL OTHERS,SUMMARY OF JULY 29
SUMMARY OF JULY 3,1,0,0,0.000,,z. ALL OTHERS,SUMMARY OF JULY 3
SUMMARY OF JUNE 10,1,0,0,0.000,,z. ALL OTHERS,SUMMARY OF JUNE 10
SUMMARY OF JUNE 11,1,0,0,0.000,,z. ALL OTHERS,SUMMARY OF JUNE 11
SUMMARY OF JUNE 12,1,0,0,0.000,,z. ALL OTHERS,SUMMARY OF JUNE 12
SUMMARY OF JUNE 13,2,0,0,0.000,,z. ALL OTHERS,SUMMARY OF JUNE 13
SUMMARY OF JUNE 15,1,0,0,0.000,,z. ALL OTHERS,SUMMARY OF JUNE 15
SUMMARY OF JUNE 16,1,0,0,0.000,,z. ALL OTHERS,SUMMARY OF JUNE 16
SUMMARY OF JUNE 18,1,0,0,0.000,,z. ALL OTHERS,SUMMARY OF JUNE 18
SUMMARY OF JUNE 23,1,0,0,0.000,,z. ALL OTHERS,SUMMARY OF JUNE 23
SUMMARY OF JUNE 24,1,0,0,0.000,,z. ALL OTHERS,SUMMARY OF JUNE 24
SUMMARY OF JUNE 3,2,0,0,0.000,,z. ALL OTHERS,SUMMARY OF JUNE 3
SUMMARY OF JUNE 30,1,0,0,0.000,,z. ALL OTHERS,SUMMARY OF JUNE 30
SUMMARY OF JUNE 4,1,0,0,0.000,,z. ALL OTHERS,SUMMARY OF JUNE 4
SUMMARY OF JUNE 6,1,0,0,0.000,,z. ALL OTHERS,SUMMARY OF JUNE 6
SUMMARY OF MARCH 14,1,0,0,0.000,,z. ALL OTHERS,SUMMARY OF MARCH 14
SUMMARY OF MARCH 23,2,0,0,0.000,,z. ALL OTHERS,SUMMARY OF MARCH 23
SUMMARY OF MARCH 24,1,0,0,0.000,,z. ALL OTHERS,SUMMARY OF MARCH 24
SUMMARY OF MARCH 24-25,1,0,0,0.000,,z. ALL OTHERS,SUMMARY OF MARCH 24-25
SUMMARY OF MARCH 27,1,0,0,0.000,,z. ALL OTHERS,SUMMARY OF MARCH 27
SUMMARY OF MARCH 29,1,0,0,0.000,,z. ALL OTHERS,SUMMARY OF MARCH 29
SUMMARY OF MAY 10,1,0,0,0.000,,z. ALL OTHERS,SUMMARY OF MAY 10
SUMMARY OF MAY 13,1,0,0,0.000,,z. ALL OTHERS,SUMMARY OF MAY 13
SUMMARY OF MAY 14,1,0,0,0.000,,z. ALL OTHERS,SUMMARY OF MAY 14
SUMMARY OF MAY 22,1,0,0,0.000,,z. ALL OTHERS,SUMMARY OF MAY 22
SUMMARY OF MAY 22 AM,1,0,0,0.000,,z. ALL OTHERS,SUMMARY OF MAY 22 AM
SUMMARY OF MAY 22 PM,1,0,0,0.000,,z. ALL OTHERS,SUMMARY OF MAY 22 PM
SUMMARY OF MAY 26 AM,1,0,0,0.000,,z. ALL OTHERS,SUMMARY OF MAY 26 AM
SUMMARY OF MAY 26 PM,1,0,0,0.000,,z. ALL OTHERS,SUMMARY OF MAY 26 PM
SUMMARY OF MAY 31 AM,1,0,0,0.000,,z. ALL OTHERS,SUMMARY OF MAY 31 AM
SUMMARY OF MAY 31 PM,1,0,0,0.000,,z. ALL OTHERS,SUMMARY OF MAY 31 PM
SUMMARY OF MAY 9-10,1,0,0,0.000,,z. ALL OTHERS,SUMMARY OF MAY 9-10
SUMMARY SEPT. 25-26,1,0,0,0.000,,z. ALL OTHERS,SUMMARY SEPT. 25-26
SUMMARY SEPTEMBER 20,1,0,0,0.000,,z. ALL OTHERS,SUMMARY SEPTEMBER 20
SUMMARY SEPTEMBER 23,2,0,0,0.000,,z. ALL OTHERS,SUMMARY SEPTEMBER 23
SUMMARY SEPTEMBER 3,1,0,0,0.000,,z. ALL OTHERS,SUMMARY SEPTEMBER 3
SUMMARY SEPTEMBER 4,1,0,0,0.000,,z. ALL OTHERS,SUMMARY SEPTEMBER 4
SUMMARY: NOV. 16,2,0,0,0.000,,z. ALL OTHERS,SUMMARY: NOV. 16
SUMMARY: NOV. 6-7,1,0,0,0.000,,z. ALL OTHERS,SUMMARY: NOV. 6-7
SUMMARY: OCT. 20-21,1,0,0,0.000,,z. ALL OTHERS,SUMMARY: OCT. 20-21
SUMMARY: OCTOBER 31,1,0,0,0.000,,z. ALL OTHERS,SUMMARY: OCTOBER 31
SUMMARY: SEPT. 18,1,0,0,0.000,,z. ALL OTHERS,SUMMARY: SEPT. 18
TEMPERATURE RECORD,43,0,0,0.000,,z. ALL OTHERS,TEMPERATURE RECORD
THUDERSTORM WINDS,2,0,0,0.000,THUNDERSTORM WIND,THUNDERSTORM WIND,THUNDERSTORM WIND
THUNDEERSTORM WINDS,2,0,0,0.000,THUNDERSTORM WIND,THUNDERSTORM WIND,THUNDERSTORM WIND
THUNDERESTORM WINDS,1,0,0,0.000,THUNDERSTORM WIND,THUNDERSTORM WIND,THUNDERSTORM WIND
THUNDERSNOW,1,1,1,0.000,THUNDERSTORM WIND,THUNDERSTORM WIND,THUNDERSTORM WIND
THUNDERSNOW SHOWER,1,0,0,0.000,THUNDERSTORM WIND,THUNDERSTORM WIND,THUNDERSTORM WIND
THUNDERSTORM,45,1,12,0.001,THUNDERSTORM WIND,THUNDERSTORM WIND,THUNDERSTORM WIND
THUNDERSTORM  WINDS,7,0,10,0.000,THUNDERSTORM WIND,THUNDERSTORM WIND,THUNDERSTORM WIND
THUNDERSTORM DAMAGE,2,0,0,0.000,THUNDERSTORM WIND,THUNDERSTORM WIND,THUNDERSTORM WIND
THUNDERSTORM DAMAGE TO,1,0,0,0.000,THUNDERSTORM WIND,THUNDERSTORM WIND,THUNDERSTORM WIND
THUNDERSTORM HAIL,1,0,0,0.000,THUNDERSTORM WIND,THUNDERSTORM WIND,THUNDERSTORM WIND
THUNDERSTORM W INDS,1,0,0,0.000,THUNDERSTORM WIND,THUNDERSTORM WIND,THUNDERSTORM WIND
THUNDERSTORM WIND,82564,133,1488,3.483,THUNDERSTORM WIND,THUNDERSTORM WIND,THUNDERSTORM WIND
THUNDERSTORM WIND (G40),1,1,0,0.000,THUNDERSTORM WIND,THUNDERSTORM WIND,THUNDERSTORM WIND
THUNDERSTORM WIND 50,2,0,0,0.000,THUNDERSTORM WIND,THUNDERSTORM WIND,THUNDERSTORM WIND
THUNDERSTORM WIND 52,1,0,0,0.000,THUNDERSTORM WIND,THUNDERSTORM WIND,THUNDERSTORM WIND
THUNDERSTORM WIND 56,1,0,0,0.000,THUNDERSTORM WIND,THUNDERSTORM WIND,THUNDERSTORM WIND
THUNDERSTORM WIND 59,1,0,0,0.000,THUNDERSTORM WIND,THUNDERSTORM WIND,THUNDERSTORM WIND
THUNDERSTORM WIND 59 MPH,1,0,0,0.000,THUNDERSTORM WIND,THUNDERSTORM WIND,THUNDERSTORM WIND
THUNDERSTORM WIND 59 MPH.,1,0,0,0.000,THUNDERSTORM WIND,THUNDERSTORM WIND,THUNDERSTORM WIND
THUNDERSTORM WIND 60 MPH,4,0,0,0.000,THUNDERSTORM WIND,THUNDERSTORM WIND,THUNDERSTORM WIND
THUNDERSTORM WIND 65 MPH,1,0,0,0.000,THUNDERSTORM WIND,THUNDERSTORM WIND,THUNDERSTORM WIND
THUNDERSTORM WIND 65MPH,1,0,0,0.000,THUNDERSTORM WIND,THUNDERSTORM WIND,THUNDERSTORM WIND
THUNDERSTORM WIND 69,1,0,0,0.000,THUNDERSTORM WIND,THUNDERSTORM WIND,THUNDERSTORM WIND
THUNDERSTORM WIND 98 MPH,1,0,0,0.000,THUNDERSTORM WIND,THUNDERSTORM WIND,THUNDERSTORM WIND
THUNDERSTORM WIND G50,4,0,0,0.000,THUNDERSTORM WIND,THUNDERSTORM WIND,THUNDERSTORM WIND
THUNDERSTORM WIND G51,1,0,0,0.000,THUNDERSTORM WIND,THUNDERSTORM WIND,THUNDERSTORM WIND
THUNDERSTORM WIND G52,2,1,0,0.000,THUNDERSTORM WIND,THUNDERSTORM WIND,THUNDERSTORM WIND
THUNDERSTORM WIND G55,1,0,0,0.000,THUNDERSTORM WIND,THUNDERSTORM WIND,THUNDERSTORM WIND
THUNDERSTORM WIND G60,2,0,0,0.000,THUNDERSTORM WIND,THUNDERSTORM WIND,THUNDERSTORM WIND
THUNDERSTORM WIND G61,1,0,0,0.000,THUNDERSTORM WIND,THUNDERSTORM WIND,THUNDERSTORM WIND
THUNDERSTORM WIND TREES,1,0,0,0.000,THUNDERSTORM WIND,THUNDERSTORM WIND,THUNDERSTORM WIND
THUNDERSTORM WIND.,1,0,0,0.000,THUNDERSTORM WIND,THUNDERSTORM WIND,THUNDERSTORM WIND
THUNDERSTORM WIND/ TREE,1,0,0,0.000,THUNDERSTORM WIND,THUNDERSTORM WIND,THUNDERSTORM WIND
THUNDERSTORM WIND/ TREES,4,0,0,0.000,THUNDERSTORM WIND,THUNDERSTORM WIND,THUNDERSTORM WIND
THUNDERSTORM WIND/AWNING,1,0,0,0.000,THUNDERSTORM WIND,THUNDERSTORM WIND,THUNDERSTORM WIND
THUNDERSTORM WIND/HAIL,1,0,0,0.000,THUNDERSTORM WIND,THUNDERSTORM WIND,THUNDERSTORM WIND
THUNDERSTORM WIND/LIGHTNING,1,0,0,0.000,THUNDERSTORM WIND,THUNDERSTORM WIND,THUNDERSTORM WIND
THUNDERSTORM WINDS,20843,64,908,1.945,THUNDERSTORM WIND,THUNDERSTORM WIND,THUNDERSTORM WIND
THUNDERSTORM WINDS      LE CEN,1,0,0,0.000,THUNDERSTORM WIND,THUNDERSTORM WIND,THUNDERSTORM WIND
THUNDERSTORM WINDS 13,1,0,1,0.000,THUNDERSTORM WIND,THUNDERSTORM WIND,THUNDERSTORM WIND
THUNDERSTORM WINDS 2,1,0,0,0.000,THUNDERSTORM WIND,THUNDERSTORM WIND,THUNDERSTORM WIND
THUNDERSTORM WINDS 50,1,0,0,0.000,THUNDERSTORM WIND,THUNDERSTORM WIND,THUNDERSTORM WIND
THUNDERSTORM WINDS 52,1,0,0,0.000,THUNDERSTORM WIND,THUNDERSTORM WIND,THUNDERSTORM WIND
THUNDERSTORM WINDS 53,1,0,0,0.000,THUNDERSTORM WIND,THUNDERSTORM WIND,THUNDERSTORM WIND
THUNDERSTORM WINDS 60,1,0,0,0.000,THUNDERSTORM WIND,THUNDERSTORM WIND,THUNDERSTORM WIND
THUNDERSTORM WINDS 61,1,0,0,0.000,THUNDERSTORM WIND,THUNDERSTORM WIND,THUNDERSTORM WIND
THUNDERSTORM WINDS 62,1,0,0,0.000,THUNDERSTORM WIND,THUNDERSTORM WIND,THUNDERSTORM WIND
THUNDERSTORM WINDS 63 MPH,1,0,0,0.000,THUNDERSTORM WIND,THUNDERSTORM WIND,THUNDERSTORM WIND
THUNDERSTORM WINDS AND,2,0,0,0.000,THUNDERSTORM WIND,THUNDERSTORM WIND,THUNDERSTORM WIND
THUNDERSTORM WINDS FUNNEL CLOU,2,0,0,0.000,THUNDERSTORM WIND,THUNDERSTORM WIND,THUNDERSTORM WIND
THUNDERSTORM WINDS G,2,0,0,0.000,THUNDERSTORM WIND,THUNDERSTORM WIND,THUNDERSTORM WIND
THUNDERSTORM WINDS G60,1,0,0,0.000,THUNDERSTORM WIND,THUNDERSTORM WIND,THUNDERSTORM WIND
THUNDERSTORM WINDS HAIL,61,0,0,0.001,THUNDERSTORM WIND,THUNDERSTORM WIND,THUNDERSTORM WIND
THUNDERSTORM WINDS HEAVY RAIN,1,0,0,0.000,THUNDERSTORM WIND,THUNDERSTORM WIND,THUNDERSTORM WIND
THUNDERSTORM WINDS LIGHTNING,7,0,0,0.000,THUNDERSTORM WIND,THUNDERSTORM WIND,THUNDERSTORM WIND
THUNDERSTORM WINDS SMALL STREA,1,0,0,0.000,THUNDERSTORM WIND,THUNDERSTORM WIND,THUNDERSTORM WIND
THUNDERSTORM WINDS URBAN FLOOD,1,0,0,0.000,THUNDERSTORM WIND,THUNDERSTORM WIND,THUNDERSTORM WIND
THUNDERSTORM WINDS.,3,0,0,0.000,THUNDERSTORM WIND,THUNDERSTORM WIND,THUNDERSTORM WIND
THUNDERSTORM WINDS/ FLOOD,2,0,0,0.000,THUNDERSTORM WIND,THUNDERSTORM WIND,THUNDERSTORM WIND
THUNDERSTORM WINDS/ HAIL,1,0,0,0.000,THUNDERSTORM WIND,THUNDERSTORM WIND,THUNDERSTORM WIND
THUNDERSTORM WINDS/FLASH FLOOD,1,0,0,0.000,THUNDERSTORM WIND,THUNDERSTORM WIND,THUNDERSTORM WIND
THUNDERSTORM WINDS/FLOODING,1,0,0,0.000,THUNDERSTORM WIND,THUNDERSTORM WIND,THUNDERSTORM WIND
THUNDERSTORM WINDS/FUNNEL CLOU,1,0,0,0.000,THUNDERSTORM WIND,THUNDERSTORM WIND,THUNDERSTORM WIND
THUNDERSTORM WINDS/HAIL,24,0,1,0.000,THUNDERSTORM WIND,THUNDERSTORM WIND,THUNDERSTORM WIND
THUNDERSTORM WINDS/HEAVY RAIN,1,0,0,0.000,THUNDERSTORM WIND,THUNDERSTORM WIND,THUNDERSTORM WIND
THUNDERSTORM WINDS53,1,0,0,0.000,THUNDERSTORM WIND,THUNDERSTORM WIND,THUNDERSTORM WIND
THUNDERSTORM WINDSHAIL,1,0,0,0.000,THUNDERSTORM WIND,THUNDERSTORM WIND,THUNDERSTORM WIND
THUNDERSTORM WINDSS,51,0,4,0.002,THUNDERSTORM WIND,THUNDERSTORM WIND,THUNDERSTORM WIND
THUNDERSTORM WINS,1,0,0,0.000,THUNDERSTORM WIND,THUNDERSTORM WIND,THUNDERSTORM WIND
THUNDERSTORMS,4,0,0,0.000,THUNDERSTORM WIND,THUNDERSTORM WIND,THUNDERSTORM WIND
THUNDERSTORMS WIND,6,0,0,0.000,THUNDERSTORM WIND,THUNDERSTORM WIND,THUNDERSTORM WIND
THUNDERSTORMS WINDS,14,0,1,0.001,THUNDERSTORM WIND,THUNDERSTORM WIND,THUNDERSTORM WIND
THUNDERSTORMW,1,0,27,0.000,THUNDERSTORM WIND,THUNDERSTORM WIND,THUNDERSTORM WIND
THUNDERSTORMW 50,1,0,0,0.000,THUNDERSTORM WIND,THUNDERSTORM WIND,THUNDERSTORM WIND
THUNDERSTORMW WINDS,3,0,0,0.000,THUNDERSTORM WIND,THUNDERSTORM WIND,THUNDERSTORM WIND
THUNDERSTORMWINDS,1,0,0,0.000,THUNDERSTORM WIND,THUNDERSTORM WIND,THUNDERSTORM WIND
THUNDERSTROM WIND,1,0,0,0.000,THUNDERSTORM WIND,THUNDERSTORM WIND,THUNDERSTORM WIND
THUNDERSTROM WINDS,2,0,0,0.000,THUNDERSTORM WIND,THUNDERSTORM WIND,THUNDERSTORM WIND
THUNDERTORM WINDS,3,1,0,0.001,THUNDERSTORM WIND,THUNDERSTORM WIND,THUNDERSTORM WIND
THUNDERTSORM WIND,1,0,0,0.000,THUNDERSTORM WIND,THUNDERSTORM WIND,THUNDERSTORM WIND
THUNDESTORM WINDS,2,0,0,0.000,THUNDERSTORM WIND,THUNDERSTORM WIND,THUNDERSTORM WIND
THUNERSTORM WINDS,1,0,0,0.000,THUNDERSTORM WIND,THUNDERSTORM WIND,THUNDERSTORM WIND
TIDAL FLOOD,1,0,0,0.000,,z. ALL OTHERS,TIDAL FLOOD
TIDAL FLOODING,25,0,1,0.000,,z. ALL OTHERS,TIDAL FLOODING
TORNADO,60652,5633,91346,56.947,TORNADO,TORNADO,TORNADO
TORNADO DEBRIS,1,0,0,0.000,TORNADO,TORNADO,TORNADO
TORNADO F0,19,0,0,0.000,TORNADO,TORNADO,TORNADO
TORNADO F1,4,0,0,0.002,TORNADO,TORNADO,TORNADO
TORNADO F2,3,0,16,0.002,TORNADO,TORNADO,TORNADO
TORNADO F3,2,0,2,0.001,TORNADO,TORNADO,TORNADO
TORNADO/WATERSPOUT,1,0,0,0.000,TORNADO,TORNADO,TORNADO
TORNADOES,2,0,0,0.000,TORNADO,TORNADO,TORNADO
"TORNADOES, TSTM WIND, HAIL",1,25,0,1.600,TORNADO,TORNADO,TORNADO
TORNADOS,1,0,0,0.000,TORNADO,TORNADO,TORNADO
TORNDAO,1,0,0,0.000,TORNADO,TORNADO,TORNADO
TORRENTIAL RAIN,1,0,0,0.000,,z. ALL OTHERS,TORRENTIAL RAIN
TORRENTIAL RAINFALL,1,0,4,0.000,,z. ALL OTHERS,TORRENTIAL RAINFALL
TROPICAL DEPRESSION,60,0,0,0.002,TROPICAL STORM,TROPICAL STORM,TROPICAL STORM
TROPICAL STORM,690,58,340,7.704,TROPICAL STORM,TROPICAL STORM,TROPICAL STORM
TROPICAL STORM ALBERTO,1,0,0,0.005,TROPICAL STORM,TROPICAL STORM,TROPICAL STORM
TROPICAL STORM DEAN,2,0,0,0.000,TROPICAL STORM,TROPICAL STORM,TROPICAL STORM
TROPICAL STORM GORDON,1,8,43,0.001,TROPICAL STORM,TROPICAL STORM,TROPICAL STORM
TROPICAL STORM JERRY,3,0,0,0.005,TROPICAL STORM,TROPICAL STORM,TROPICAL STORM
TSTM,1,0,0,0.000,THUNDERSTORM WIND,THUNDERSTORM WIND,THUNDERSTORM WIND
TSTM HEAVY RAIN,3,0,0,0.000,THUNDERSTORM WIND,THUNDERSTORM WIND,THUNDERSTORM WIND
TSTM WIND,219942,504,6957,4.485,THUNDERSTORM WIND,THUNDERSTORM WIND,THUNDERSTORM WIND
TSTM WIND  (G45),1,0,0,0.000,THUNDERSTORM WIND,THUNDERSTORM WIND,THUNDERSTORM WIND
TSTM WIND (41),1,0,0,0.000,THUNDERSTORM WIND,THUNDERSTORM WIND,THUNDERSTORM WIND
TSTM WIND (G35),1,1,0,0.000,THUNDERSTORM WIND,THUNDERSTORM WIND,THUNDERSTORM WIND
TSTM WIND (G40),10,0,1,0.000,THUNDERSTORM WIND,THUNDERSTORM WIND,THUNDERSTORM WIND
TSTM WIND (G45),39,0,3,0.000,THUNDERSTORM WIND,THUNDERSTORM WIND,THUNDERSTORM WIND
TSTM WIND 40,1,0,0,0.000,THUNDERSTORM WIND,THUNDERSTORM WIND,THUNDERSTORM WIND
TSTM WIND 45,1,0,0,0.000,THUNDERSTORM WIND,THUNDERSTORM WIND,THUNDERSTORM WIND
TSTM WIND 50,1,0,0,0.000,THUNDERSTORM WIND,THUNDERSTORM WIND,THUNDERSTORM WIND
TSTM WIND 51,2,0,0,0.000,THUNDERSTORM WIND,THUNDERSTORM WIND,THUNDERSTORM WIND
TSTM WIND 52,5,0,0,0.000,THUNDERSTORM WIND,THUNDERSTORM WIND,THUNDERSTORM WIND
TSTM WIND 55,3,0,0,0.000,THUNDERSTORM WIND,THUNDERSTORM WIND,THUNDERSTORM WIND
TSTM WIND 65),1,0,0,0.000,THUNDERSTORM WIND,THUNDERSTORM WIND,THUNDERSTORM WIND
TSTM WIND AND LIGHTNING,1,0,0,0.000,THUNDERSTORM WIND,THUNDERSTORM WIND,THUNDERSTORM WIND
TSTM WIND DAMAGE,1,0,0,0.000,THUNDERSTORM WIND,THUNDERSTORM WIND,THUNDERSTORM WIND
TSTM WIND G45,1,0,0,0.000,THUNDERSTORM WIND,THUNDERSTORM WIND,THUNDERSTORM WIND
TSTM WIND G58,1,0,0,0.000,THUNDERSTORM WIND,THUNDERSTORM WIND,THUNDERSTORM WIND
TSTM WIND/HAIL,1028,5,95,0.044,THUNDERSTORM WIND,THUNDERSTORM WIND,THUNDERSTORM WIND
TSTM WINDS,6,0,0,0.000,THUNDERSTORM WIND,THUNDERSTORM WIND,THUNDERSTORM WIND
TSTM WND,1,0,0,0.000,THUNDERSTORM WIND,THUNDERSTORM WIND,THUNDERSTORM WIND
TSTMW,1,0,0,0.000,THUNDERSTORM WIND,THUNDERSTORM WIND,THUNDERSTORM WIND
TSUNAMI,20,33,129,0.144,TSUNAMI,TSUNAMI,TSUNAMI
TUNDERSTORM WIND,1,0,0,0.000,THUNDERSTORM WIND,THUNDERSTORM WIND,THUNDERSTORM WIND
TYPHOON,11,0,5,0.600,TYPHOON,TYPHOON,TYPHOON
UNSEASONABLE COLD,1,0,0,0.000,,z. ALL OTHERS,UNSEASONABLE COLD
UNSEASONABLY COLD,23,2,0,0.000,,z. ALL OTHERS,UNSEASONABLY COLD
UNSEASONABLY COOL,12,0,0,0.000,,z. ALL OTHERS,UNSEASONABLY COOL
UNSEASONABLY COOL & WET,2,0,0,0.000,,z. ALL OTHERS,UNSEASONABLY COOL & WET
UNSEASONABLY DRY,56,0,0,0.000,,z. ALL OTHERS,UNSEASONABLY DRY
UNSEASONABLY HOT,10,0,0,0.000,,z. ALL OTHERS,UNSEASONABLY HOT
UNSEASONABLY WARM,126,11,17,0.000,,z. ALL OTHERS,UNSEASONABLY WARM
UNSEASONABLY WARM & WET,1,0,0,0.000,,z. ALL OTHERS,UNSEASONABLY WARM & WET
UNSEASONABLY WARM AND DRY,13,29,0,0.000,HEAT,HEAT,HEAT
UNSEASONABLY WARM YEAR,2,0,0,0.000,,z. ALL OTHERS,UNSEASONABLY WARM YEAR
UNSEASONABLY WARM/WET,2,0,0,0.000,,z. ALL OTHERS,UNSEASONABLY WARM/WET
UNSEASONABLY WET,19,0,0,0.000,,z. ALL OTHERS,UNSEASONABLY WET
UNSEASONAL LOW TEMP,2,0,0,0.000,,z. ALL OTHERS,UNSEASONAL LOW TEMP
UNSEASONAL RAIN,2,0,0,0.000,,z. ALL OTHERS,UNSEASONAL RAIN
UNUSUAL WARMTH,10,0,0,0.000,,z. ALL OTHERS,UNUSUAL WARMTH
UNUSUAL/RECORD WARMTH,2,0,0,0.000,,z. ALL OTHERS,UNUSUAL/RECORD WARMTH
UNUSUALLY COLD,8,0,0,0.000,,z. ALL OTHERS,UNUSUALLY COLD
UNUSUALLY LATE SNOW,1,0,0,0.000,,z. ALL OTHERS,UNUSUALLY LATE SNOW
UNUSUALLY WARM,4,0,0,0.000,,z. ALL OTHERS,UNUSUALLY WARM
URBAN AND SMALL,2,0,0,0.000,HEAVY RAIN,HEAVY RAIN,HEAVY RAIN
URBAN AND SMALL STREAM,3,0,0,0.000,HEAVY RAIN,HEAVY RAIN,HEAVY RAIN
URBAN AND SMALL STREAM FLOOD,3,0,0,0.000,HEAVY RAIN,HEAVY RAIN,HEAVY RAIN
URBAN AND SMALL STREAM FLOODIN,6,1,0,0.000,HEAVY RAIN,HEAVY RAIN,HEAVY RAIN
URBAN FLOOD,251,0,0,0.018,HEAVY RAIN,HEAVY RAIN,HEAVY RAIN
URBAN FLOOD LANDSLIDE,1,0,0,0.000,HEAVY RAIN,HEAVY RAIN,HEAVY RAIN
URBAN FLOODING,99,0,0,0.006,HEAVY RAIN,HEAVY RAIN,HEAVY RAIN
URBAN FLOODS,3,0,0,0.000,HEAVY RAIN,HEAVY RAIN,HEAVY RAIN
URBAN SMALL,1,0,0,0.000,HEAVY RAIN,HEAVY RAIN,HEAVY RAIN
URBAN SMALL STREAM FLOOD,2,0,0,0.000,HEAVY RAIN,HEAVY RAIN,HEAVY RAIN
URBAN/SMALL,2,0,0,0.000,HEAVY RAIN,HEAVY RAIN,HEAVY RAIN
URBAN/SMALL FLOODING,1,0,0,0.000,HEAVY RAIN,HEAVY RAIN,HEAVY RAIN
URBAN/SMALL STREAM,8,0,0,0.000,HEAVY RAIN,HEAVY RAIN,HEAVY RAIN
URBAN/SMALL STREAM  FLOOD,2,0,0,0.000,HEAVY RAIN,HEAVY RAIN,HEAVY RAIN
URBAN/SMALL STREAM FLOOD,30,0,0,0.000,HEAVY RAIN,HEAVY RAIN,HEAVY RAIN
URBAN/SMALL STREAM FLOODING,4,0,0,0.000,HEAVY RAIN,HEAVY RAIN,HEAVY RAIN
URBAN/SMALL STRM FLDG,1,0,0,0.000,HEAVY RAIN,HEAVY RAIN,HEAVY RAIN
URBAN/SML STREAM FLD,3392,28,79,0.058,HEAVY RAIN,HEAVY RAIN,HEAVY RAIN
URBAN/SML STREAM FLDG,1,0,0,0.000,HEAVY RAIN,HEAVY RAIN,HEAVY RAIN
URBAN/STREET FLOODING,3,0,0,0.000,HEAVY RAIN,HEAVY RAIN,HEAVY RAIN
VERY DRY,2,0,0,0.000,,z. ALL OTHERS,VERY DRY
VERY WARM,1,0,0,0.000,,z. ALL OTHERS,VERY WARM
VOG,1,0,0,0.000,,z. ALL OTHERS,VOG
VOLCANIC ASH,23,0,0,0.001,,z. ALL OTHERS,VOLCANIC ASH
VOLCANIC ASH PLUME,1,0,0,0.000,,z. ALL OTHERS,VOLCANIC ASH PLUME
VOLCANIC ASHFALL,3,0,0,0.000,,z. ALL OTHERS,VOLCANIC ASHFALL
VOLCANIC ERUPTION,2,0,0,0.000,,z. ALL OTHERS,VOLCANIC ERUPTION
WAKE LOW WIND,2,0,0,0.000,,z. ALL OTHERS,WAKE LOW WIND
WALL CLOUD,5,0,0,0.000,,z. ALL OTHERS,WALL CLOUD
WALL CLOUD/FUNNEL CLOUD,1,0,0,0.000,,z. ALL OTHERS,WALL CLOUD/FUNNEL CLOUD
WARM DRY CONDITIONS,1,0,0,0.000,,z. ALL OTHERS,WARM DRY CONDITIONS
WARM WEATHER,1,0,2,0.000,,z. ALL OTHERS,WARM WEATHER
WATER SPOUT,1,0,0,0.000,WATERSPOUT,WATERSPOUT,WATERSPOUT
WATERSPOUT,3796,3,29,0.009,WATERSPOUT,WATERSPOUT,WATERSPOUT
WATERSPOUT FUNNEL CLOUD,1,0,0,0.000,WATERSPOUT,WATERSPOUT,WATERSPOUT
WATERSPOUT TORNADO,1,0,1,0.000,WATERSPOUT,WATERSPOUT,WATERSPOUT
WATERSPOUT-,10,0,0,0.000,WATERSPOUT,WATERSPOUT,WATERSPOUT
WATERSPOUT-TORNADO,2,0,0,0.000,WATERSPOUT,WATERSPOUT,WATERSPOUT
WATERSPOUT/,1,0,0,0.000,WATERSPOUT,WATERSPOUT,WATERSPOUT
WATERSPOUT/ TORNADO,2,0,0,0.000,WATERSPOUT,WATERSPOUT,WATERSPOUT
WATERSPOUT/TORNADO,8,3,42,0.051,WATERSPOUT,WATERSPOUT,WATERSPOUT
WATERSPOUTS,37,0,0,0.000,WATERSPOUT,WATERSPOUT,WATERSPOUT
WAYTERSPOUT,1,0,0,0.000,WATERSPOUT,WATERSPOUT,WATERSPOUT
WET MICOBURST,1,0,0,0.000,,z. ALL OTHERS,WET MICOBURST
WET MICROBURST,6,0,0,0.000,,z. ALL OTHERS,WET MICROBURST
WET MONTH,4,0,0,0.000,,z. ALL OTHERS,WET MONTH
WET SNOW,1,0,0,0.000,,z. ALL OTHERS,WET SNOW
WET WEATHER,1,0,0,0.000,,z. ALL OTHERS,WET WEATHER
WET YEAR,4,0,0,0.000,,z. ALL OTHERS,WET YEAR
WHIRLWIND,3,1,0,0.000,,z. ALL OTHERS,WHIRLWIND
WILD FIRES,4,3,150,0.624,WILDFIRE,WILDFIRE,WILDFIRE
WILD/FOREST FIRE,1457,12,545,3.002,WILDFIRE,WILDFIRE,WILDFIRE
WILD/FOREST FIRES,1,0,0,0.000,WILDFIRE,WILDFIRE,WILDFIRE
WILDFIRE,2761,75,911,4.765,WILDFIRE,WILDFIRE,WILDFIRE
WILDFIRES,8,0,0,0.101,WILDFIRE,WILDFIRE,WILDFIRE
WIND,346,23,86,0.009,STRONG WIND,STRONG WIND,STRONG WIND
WIND ADVISORY,12,0,0,0.000,STRONG WIND,STRONG WIND,STRONG WIND
WIND AND WAVE,1,0,0,0.001,STRONG WIND,STRONG WIND,STRONG WIND
WIND CHILL,18,0,0,0.000,COLD/WIND CHILL,COLD/WIND CHILL,COLD/WIND CHILL
WIND CHILL/HIGH WIND,1,0,0,0.000,COLD/WIND CHILL,COLD/WIND CHILL,COLD/WIND CHILL
WIND DAMAGE,31,0,0,0.000,STRONG WIND,STRONG WIND,STRONG WIND
WIND GUSTS,3,0,0,0.000,STRONG WIND,STRONG WIND,STRONG WIND
WIND STORM,1,1,0,0.000,STRONG WIND,STRONG WIND,STRONG WIND
WIND/HAIL,1,0,0,0.000,STRONG WIND,STRONG WIND,STRONG WIND
WINDS,36,1,1,0.001,STRONG WIND,STRONG WIND,STRONG WIND
WINTER MIX,3,0,0,0.000,,z. ALL OTHERS,WINTER MIX
WINTER STORM,11433,206,1321,6.688,WINTER STORM,WINTER STORM,WINTER STORM
WINTER STORM HIGH WINDS,1,1,15,0.060,WINTER STORM,WINTER STORM,WINTER STORM
WINTER STORM/HIGH WIND,1,0,0,0.000,WINTER STORM,WINTER STORM,WINTER STORM
WINTER STORM/HIGH WINDS,1,0,0,0.000,WINTER STORM,WINTER STORM,WINTER STORM
WINTER STORMS,3,10,17,0.001,WINTER STORM,WINTER STORM,WINTER STORM
WINTER WEATHER,7045,33,398,0.021,WINTER WEATHER,WINTER WEATHER,WINTER WEATHER
WINTER WEATHER MIX,6,0,68,0.000,,z. ALL OTHERS,WINTER WEATHER MIX
WINTER WEATHER/MIX,1104,28,72,0.006,WINTER WEATHER,WINTER WEATHER,WINTER WEATHER
WINTERY MIX,2,0,0,0.000,,z. ALL OTHERS,WINTERY MIX
WINTRY MIX,94,1,77,0.000,,z. ALL OTHERS,WINTRY MIX
WND,1,0,0,0.000,,z. ALL OTHERS,WND
